image_path,domain,role,stage_raw,stage_group,quality_label,split,dataset_id
test/0/D3_001_cac975a1ed4b463a83098d4d6dcf4ac4.jpg,hv_kaggle,supervised,D3,DAY,0,test,hv_kaggle
test/0/D3_005_e293b3b710aa40b38b24cdd993686c20.jpg,hv_kaggle,supervised,D3,DAY,0,test,hv_kaggle
test/0/D3_006_f9db57ee7fbc4bb886a9a16df92bc5b3.jpg,hv_kaggle,supervised,D3,DAY,0,test,hv_kaggle
test/0/D3_020_66c762b66ce6459c9f118620b95be31f.jpg,hv_kaggle,supervised,D3,DAY,0,test,hv_kaggle
test/0/D3_023_55dc6a89d6394d4ea61f14e2fa36e839.jpg,hv_kaggle,supervised,D3,DAY,0,test,hv_kaggle
test/0/D3_026_9c842bdf566b4e70990e4610ccac968f.jpg,hv_kaggle,supervised,D3,DAY,0,test,hv_kaggle
test/0/D3_042_63921b7336024e2f9169178837e9cc8d.jpg,hv_kaggle,supervised,D3,DAY,0,test,hv_kaggle
test/0/D3_052_d7547f6ae8bc4d7bb0c5de1bb9db8861.jpg,hv_kaggle,supervised,D3,DAY,0,test,hv_kaggle
test/0/D3_059_f61b3ae378e34da897b8d6c0b8f6592c.jpg,hv_kaggle,supervised,D3,DAY,0,test,hv_kaggle
test/0/D3_060_d420728d56bd4aa39ab98cf2243ea43b.jpg,hv_kaggle,supervised,D3,DAY,0,test,hv_kaggle
test/0/D3_081_37d5f13606784d7cad4c237a9e07a273.jpg,hv_kaggle,supervised,D3,DAY,0,test,hv_kaggle
test/0/D3_088_a2dc3c7bc79443ebba991c1a29158f0b.jpg,hv_kaggle,supervised,D3,DAY,0,test,hv_kaggle
test/0/D3_089_06c81773ecf749259a1dba99dbc23e6c.jpg,hv_kaggle,supervised,D3,DAY,0,test,hv_kaggle
test/0/D3_090_8a7a37644ed341e6ae6fbb72d7ed144b.jpg,hv_kaggle,supervised,D3,DAY,0,test,hv_kaggle
test/0/D3_095_6dd6f7bc10d54384906debbb53bfac22.jpg,hv_kaggle,supervised,D3,DAY,0,test,hv_kaggle
test/0/D3_096_8c27bab4347244edbe31f010b4cce6b4.jpg,hv_kaggle,supervised,D3,DAY,0,test,hv_kaggle
test/0/D3_099_ae16bc1edb6047059eb073d97ca622fc.jpg,hv_kaggle,supervised,D3,DAY,0,test,hv_kaggle
test/0/D3_104_ad4455d17ce046ec9dcc2df50096ccc4.jpg,hv_kaggle,supervised,D3,DAY,0,test,hv_kaggle
test/0/D3_108_00240aaa90c94f408e95f3a6ede120e0.jpg,hv_kaggle,supervised,D3,DAY,0,test,hv_kaggle
test/0/D3_117_33eea2eada5c4138ab9feb18fe8b1a38.jpg,hv_kaggle,supervised,D3,DAY,0,test,hv_kaggle
test/0/D3_130_bccb53a565d84fcb8b0563295682a56c.jpg,hv_kaggle,supervised,D3,DAY,0,test,hv_kaggle
test/0/D3_131_e4baafb6a2c54b2db75f2276c6f0dcc9.jpg,hv_kaggle,supervised,D3,DAY,0,test,hv_kaggle
test/0/D3_144_9fa0ab1a59a041578fcdfcfdf47cabdd.jpg,hv_kaggle,supervised,D3,DAY,0,test,hv_kaggle
test/0/D3_153_477f2dc237f1455b97593de1405fbea9.jpg,hv_kaggle,supervised,D3,DAY,0,test,hv_kaggle
test/0/D3_160_652a34b78ab0488d9d65eb7e4a1786c7.jpg,hv_kaggle,supervised,D3,DAY,0,test,hv_kaggle
test/0/D3_161_2bdfb38f1e2a4e4ba958c927068d94bd.jpg,hv_kaggle,supervised,D3,DAY,0,test,hv_kaggle
test/0/D3_162_66a51fc104b44db4801c493d582c374a.jpg,hv_kaggle,supervised,D3,DAY,0,test,hv_kaggle
test/0/D3_181_cc540df6081d4ecabb02899e77ab9947.jpg,hv_kaggle,supervised,D3,DAY,0,test,hv_kaggle
test/0/D3_183_8345638010fe43d4abda10bd7cba07ef.jpg,hv_kaggle,supervised,D3,DAY,0,test,hv_kaggle
test/0/D3_184_e87d402bed314e9ca48fd0ec6aa22b33.jpg,hv_kaggle,supervised,D3,DAY,0,test,hv_kaggle
test/0/D3_202_7784a776653745d6864eb81462385056.jpg,hv_kaggle,supervised,D3,DAY,0,test,hv_kaggle
test/0/D3_204_f6622025b8404f7eaadceb946c381546.jpg,hv_kaggle,supervised,D3,DAY,0,test,hv_kaggle
test/0/D3_213_26fec868358a4626a103a223a6fab4bb.jpg,hv_kaggle,supervised,D3,DAY,0,test,hv_kaggle
test/0/D3_243_eedd2eaa18ab4d119df8a2aeb117c40b.jpg,hv_kaggle,supervised,D3,DAY,0,test,hv_kaggle
test/0/D3_246_3338fc1c1bae448c8431502386a0497f.jpg,hv_kaggle,supervised,D3,DAY,0,test,hv_kaggle
test/0/D3_249_8c729462e073448ba7fa91efe2b7501c.jpg,hv_kaggle,supervised,D3,DAY,0,test,hv_kaggle
test/0/D3_252_e6344bc86c1745fc85579495eb7515a7.jpg,hv_kaggle,supervised,D3,DAY,0,test,hv_kaggle
test/0/D3_254_c87ca54f46a945ecbe87554bd64d1442.jpg,hv_kaggle,supervised,D3,DAY,0,test,hv_kaggle
test/0/D3_262_6f0ab1bd65cc4073ba49c15f6b202cde.jpg,hv_kaggle,supervised,D3,DAY,0,test,hv_kaggle
test/0/D3_263_ba0b56a73fbb4a4380876deb7a7c37d7.jpg,hv_kaggle,supervised,D3,DAY,0,test,hv_kaggle
test/0/D3_264_eafae82f34f343faae5ac05840208126.jpg,hv_kaggle,supervised,D3,DAY,0,test,hv_kaggle
test/0/D3_270_def15e3eb7ca4f4bb3ac309cab810d2c.jpg,hv_kaggle,supervised,D3,DAY,0,test,hv_kaggle
test/0/D3_292_c12151c5b2c446ea99e5f1200150f872.jpg,hv_kaggle,supervised,D3,DAY,0,test,hv_kaggle
test/0/D3_299_b0fe6e16610340e2a1a03fc54a55714e.jpg,hv_kaggle,supervised,D3,DAY,0,test,hv_kaggle
test/0/D3_314_c9c39ca385f4484ea0b82190910ccc43.jpg,hv_kaggle,supervised,D3,DAY,0,test,hv_kaggle
test/0/D3_316_fdd71a86d0e1499d86e808d769f884d2.jpg,hv_kaggle,supervised,D3,DAY,0,test,hv_kaggle
test/0/D3_320_da7fc5ff81004136b7d22b9c4a98ead6.jpg,hv_kaggle,supervised,D3,DAY,0,test,hv_kaggle
test/0/D3_323_0c89e47d687b4cea879765873cf85c23.jpg,hv_kaggle,supervised,D3,DAY,0,test,hv_kaggle
test/0/D3_325_e71fc8b43b52420c83f61241b41b8362.jpg,hv_kaggle,supervised,D3,DAY,0,test,hv_kaggle
test/0/D3_332_3311a92e01d940dcb06dc83b20854f73.jpg,hv_kaggle,supervised,D3,DAY,0,test,hv_kaggle
test/0/D3_342_b019a013347e4d2ea863a70ef309cfb3.jpg,hv_kaggle,supervised,D3,DAY,0,test,hv_kaggle
test/0/D3_348_5d91754f6d70485bb14552865ada664b.jpg,hv_kaggle,supervised,D3,DAY,0,test,hv_kaggle
test/0/D3_363_5ad979decc9b4162be3a10d08e9f75d3.jpg,hv_kaggle,supervised,D3,DAY,0,test,hv_kaggle
test/0/D3_365_7b50ee594ced447ba2649a6c5be80801.jpg,hv_kaggle,supervised,D3,DAY,0,test,hv_kaggle
test/0/D3_377_1876f3f959be4da59ec8d8c2d1f9d9a6.jpg,hv_kaggle,supervised,D3,DAY,0,test,hv_kaggle
test/0/D3_406_65c86cad0a7c49dbbb67f5258c733569.jpg,hv_kaggle,supervised,D3,DAY,0,test,hv_kaggle
test/0/D3_411_d2a23b655ea1408791fb4f1ef7e8bf32.jpg,hv_kaggle,supervised,D3,DAY,0,test,hv_kaggle
test/0/D3_415_629d4bf4e14d467f8ec8c742a77420bc.jpg,hv_kaggle,supervised,D3,DAY,0,test,hv_kaggle
test/0/D3_428_51505729e9a045d4bfa34a823530ac66.jpg,hv_kaggle,supervised,D3,DAY,0,test,hv_kaggle
test/0/D3_430_ebb92241230646eb97c69311ff1f08ba.jpg,hv_kaggle,supervised,D3,DAY,0,test,hv_kaggle
test/0/D3_431_f28e88d573f243508af1498a5b1577fd.jpg,hv_kaggle,supervised,D3,DAY,0,test,hv_kaggle
test/0/D3_435_40f206b467984a62a68b09c3613be938.jpg,hv_kaggle,supervised,D3,DAY,0,test,hv_kaggle
test/0/D3_438_7ad1bc27ce334c43bc1ab09ccb1f04d4.jpg,hv_kaggle,supervised,D3,DAY,0,test,hv_kaggle
test/0/D3_439_780cdf50dc02449db1738dd788583dba.jpg,hv_kaggle,supervised,D3,DAY,0,test,hv_kaggle
test/0/D3_450_b2430388cab84033ab16d038296ed8e1.jpg,hv_kaggle,supervised,D3,DAY,0,test,hv_kaggle
test/0/D3_455_d120845c02dc4465a36f042a802c4a97.jpg,hv_kaggle,supervised,D3,DAY,0,test,hv_kaggle
test/0/D3_479_c19975640f614dde846cfa2fc6e63ead.jpg,hv_kaggle,supervised,D3,DAY,0,test,hv_kaggle
test/0/D3_495_9399d046dfc84656a6b8b7dc242ee7b8.jpg,hv_kaggle,supervised,D3,DAY,0,test,hv_kaggle
test/0/D3_505_bc5c09c908ff43c0bfe54eb9b9b2e0a0.jpg,hv_kaggle,supervised,D3,DAY,0,test,hv_kaggle
test/0/D3_506_03f3e635c1224ab4b18db2f4a6658834.jpg,hv_kaggle,supervised,D3,DAY,0,test,hv_kaggle
test/0/D3_509_5fad33cf80e14293adda72caa47bf3aa.jpg,hv_kaggle,supervised,D3,DAY,0,test,hv_kaggle
test/0/D3_523_daa28b449d464575b4cf3067d825b0cd.jpg,hv_kaggle,supervised,D3,DAY,0,test,hv_kaggle
test/0/D3_536_c2c835cbbbfa41959982b6fa4ab767f2.jpg,hv_kaggle,supervised,D3,DAY,0,test,hv_kaggle
test/0/D3_543_43db3c9d0f124bbeafff5d965b915f9a.jpg,hv_kaggle,supervised,D3,DAY,0,test,hv_kaggle
test/0/D3_544_59c41b067d3e4be7b17a9d33eec17b95.jpg,hv_kaggle,supervised,D3,DAY,0,test,hv_kaggle
test/0/D3_545_318bc091e5834374b2f761a69112091d.jpg,hv_kaggle,supervised,D3,DAY,0,test,hv_kaggle
test/0/D3_550_db6aa2738c9a4c288872060e48af7f1a.jpg,hv_kaggle,supervised,D3,DAY,0,test,hv_kaggle
test/0/D3_554_d2512aa59fc744a599a09d304424dc12.jpg,hv_kaggle,supervised,D3,DAY,0,test,hv_kaggle
test/0/D3_556_27a6ae8bc7864739a176fe5872909442.jpg,hv_kaggle,supervised,D3,DAY,0,test,hv_kaggle
test/0/D3_561_767dce4d1c5a40cba53916179c63113a.jpg,hv_kaggle,supervised,D3,DAY,0,test,hv_kaggle
test/0/D3_566_54dbf5b65ed54ff98a5bc66d3931a37b.jpg,hv_kaggle,supervised,D3,DAY,0,test,hv_kaggle
test/0/D3_576_34bb3bbe05b940238af5cc61c84530e2.jpg,hv_kaggle,supervised,D3,DAY,0,test,hv_kaggle
test/0/D3_578_2a0c9dff21d24e968957310b748f156f.jpg,hv_kaggle,supervised,D3,DAY,0,test,hv_kaggle
test/0/D3_581_0f92dd1702a44b4a9c7d098d35db8d70.jpg,hv_kaggle,supervised,D3,DAY,0,test,hv_kaggle
test/0/D3_584_235070357fae4a7c9102c2e620ca73ea.jpg,hv_kaggle,supervised,D3,DAY,0,test,hv_kaggle
test/0/D3_585_802ffdcac38b4ce2af134c99ecd9df13.jpg,hv_kaggle,supervised,D3,DAY,0,test,hv_kaggle
test/0/D3_593_185cdf0e58d14514b1f29082b0bbbb17.jpg,hv_kaggle,supervised,D3,DAY,0,test,hv_kaggle
test/0/D3_594_6e0460df2dba4fa58d4a739a015a09a6.jpg,hv_kaggle,supervised,D3,DAY,0,test,hv_kaggle
test/0/D3_598_9303edf61dc14c38b1aeb7eb5e23734d.jpg,hv_kaggle,supervised,D3,DAY,0,test,hv_kaggle
test/0/D3_603_4913e100dc144ee597a867fddad36a23.jpg,hv_kaggle,supervised,D3,DAY,0,test,hv_kaggle
test/0/D3_614_19ce4974947b43f288e7ffd58101aeb8.jpg,hv_kaggle,supervised,D3,DAY,0,test,hv_kaggle
test/0/D3_627_6ba1551718264c4383b2415f544c99b1.jpg,hv_kaggle,supervised,D3,DAY,0,test,hv_kaggle
test/0/D3_633_d271cda77b054dd4bf75a61abbad863c.jpg,hv_kaggle,supervised,D3,DAY,0,test,hv_kaggle
test/0/D3_654_441956653d1f4c138e40126a5d903256.jpg,hv_kaggle,supervised,D3,DAY,0,test,hv_kaggle
test/0/D3_655_d98c5355f9e840958c1956600ebdfbb3.jpg,hv_kaggle,supervised,D3,DAY,0,test,hv_kaggle
test/0/D3_673_813ecc4ea5c04184b7c6e9d048f55c4d.jpg,hv_kaggle,supervised,D3,DAY,0,test,hv_kaggle
test/0/D3_679_1ee30e400c684eafb285cea57f355088.jpg,hv_kaggle,supervised,D3,DAY,0,test,hv_kaggle
test/0/D3_686_95a42d2f6229408a9dde0d476d977185.jpg,hv_kaggle,supervised,D3,DAY,0,test,hv_kaggle
test/0/D3_700_d06b4b4edeb044508fb49af670c190dd.jpg,hv_kaggle,supervised,D3,DAY,0,test,hv_kaggle
test/0/D3_702_77c0c673ffd844adba8130d49f141443.jpg,hv_kaggle,supervised,D3,DAY,0,test,hv_kaggle
test/0/D3_707_ab1bbeca3575460996c01dd331bd80ea.jpg,hv_kaggle,supervised,D3,DAY,0,test,hv_kaggle
test/0/D3_710_108b804843f14b80a5d1625aea6d7e41.jpg,hv_kaggle,supervised,D3,DAY,0,test,hv_kaggle
test/0/D3_772_fbd68333d3ce4b449d6edc275ec43105.jpg,hv_kaggle,supervised,D3,DAY,0,test,hv_kaggle
test/0/D3_780_4565d58f40d844cbaa7a5d8b704a5097.jpg,hv_kaggle,supervised,D3,DAY,0,test,hv_kaggle
test/0/D3_783_8640ae13357d4f8b9e5dd450704f8c2d.jpg,hv_kaggle,supervised,D3,DAY,0,test,hv_kaggle
test/0/D3_785_4ab3f605b4eb4d269beb26c2a3d0c348.jpg,hv_kaggle,supervised,D3,DAY,0,test,hv_kaggle
test/0/D3_794_2528bad0f53146ac841588a0af8fccd4.jpg,hv_kaggle,supervised,D3,DAY,0,test,hv_kaggle
test/0/D5_025_0e063102131742efb058eae2768c0b75.jpg,hv_kaggle,supervised,D5,DAY,0,test,hv_kaggle
test/0/D5_052_147ddb70f42a45e9b47eb8e012f3a2fc.jpg,hv_kaggle,supervised,D5,DAY,0,test,hv_kaggle
test/0/D5_082_894d62ab47b9490cae4f3896d5dfea30.jpg,hv_kaggle,supervised,D5,DAY,0,test,hv_kaggle
test/0/D5_098_a67a27fd56594deda3b0b7e62783bba4.jpg,hv_kaggle,supervised,D5,DAY,0,test,hv_kaggle
test/0/D5_101_b683208bc4ad4ab9bbe44bd42fe1857d.jpg,hv_kaggle,supervised,D5,DAY,0,test,hv_kaggle
test/0/D5_104_25d9e8a729204be8b5abe830f16dfd98.jpg,hv_kaggle,supervised,D5,DAY,0,test,hv_kaggle
test/0/D5_106_d3bdb95df2cb4fc493a1d0898593956e.jpg,hv_kaggle,supervised,D5,DAY,0,test,hv_kaggle
test/0/D5_112_ada25c49307b4e1f9f0addb25cfd0af5.jpg,hv_kaggle,supervised,D5,DAY,0,test,hv_kaggle
test/0/D5_116_5cd7b66345cd41e88bf0c4d4b6287710.jpg,hv_kaggle,supervised,D5,DAY,0,test,hv_kaggle
test/0/D5_118_d8a6dfb9da504ebea9534197487373e1.jpg,hv_kaggle,supervised,D5,DAY,0,test,hv_kaggle
test/0/D5_137_1d9a88b9abcc47048064836d5282545f.jpg,hv_kaggle,supervised,D5,DAY,0,test,hv_kaggle
test/0/D5_144_5ee9cadeb8c240a4ba4a7505a4575892.jpg,hv_kaggle,supervised,D5,DAY,0,test,hv_kaggle
test/0/D5_151_8814601629bd4d6f9b97f6fb5e51ca7a.jpg,hv_kaggle,supervised,D5,DAY,0,test,hv_kaggle
test/0/D5_160_adf119244c534df6a23f4a7b89e4c4c3.jpg,hv_kaggle,supervised,D5,DAY,0,test,hv_kaggle
test/0/D5_165_9b3462b51f294b0e83e80d967ec217ef.jpg,hv_kaggle,supervised,D5,DAY,0,test,hv_kaggle
test/0/D5_166_b9c4e49e03e84032bdae1f9a0b79ce39.jpg,hv_kaggle,supervised,D5,DAY,0,test,hv_kaggle
test/0/D5_172_dba8ee820f84482ca2d5d83cc33cb5ec.jpg,hv_kaggle,supervised,D5,DAY,0,test,hv_kaggle
test/0/D5_178_c5d805b53fd841e190ce45db4554baaa.jpg,hv_kaggle,supervised,D5,DAY,0,test,hv_kaggle
test/0/D5_189_8438dd5c46cb4c71814f2a7ad1e2ff1a.jpg,hv_kaggle,supervised,D5,DAY,0,test,hv_kaggle
test/0/D5_197_2f181b31315e4d2bb1958ff8b93dc5de.jpg,hv_kaggle,supervised,D5,DAY,0,test,hv_kaggle
test/0/D5_204_d309715c29e74bed9a0b36239b7be706.jpg,hv_kaggle,supervised,D5,DAY,0,test,hv_kaggle
test/0/D5_208_4486d83f880f4c4bb5aed151a532db00.jpg,hv_kaggle,supervised,D5,DAY,0,test,hv_kaggle
test/0/D5_215_8646acbc8ab94fed9b0441a705efdf3b.jpg,hv_kaggle,supervised,D5,DAY,0,test,hv_kaggle
test/0/D5_236_adc7a5168ae54edfaf526ea0d1b6acc3.jpg,hv_kaggle,supervised,D5,DAY,0,test,hv_kaggle
test/0/D5_238_968d7faf9e1143eaba1fc570e8aaf9b7.jpg,hv_kaggle,supervised,D5,DAY,0,test,hv_kaggle
test/0/D5_243_a10d892d963749fc96ef29bc6d8f83b6.jpg,hv_kaggle,supervised,D5,DAY,0,test,hv_kaggle
test/0/D5_254_b735c2af5ca84e5db0eaf18e1accf1b2.jpg,hv_kaggle,supervised,D5,DAY,0,test,hv_kaggle
test/0/D5_277_d96df4b7741347e89c62a885bcd5e00b.jpg,hv_kaggle,supervised,D5,DAY,0,test,hv_kaggle
test/0/D5_287_bf5862ae704e46d38fe597133c169b23.jpg,hv_kaggle,supervised,D5,DAY,0,test,hv_kaggle
test/0/D5_314_17ff73a051484c90a7f977d14295aa83.jpg,hv_kaggle,supervised,D5,DAY,0,test,hv_kaggle
test/0/D5_324_cb2607be513b46cf8fcaabab2c0bd051.jpg,hv_kaggle,supervised,D5,DAY,0,test,hv_kaggle
test/0/D5_354_f06524485c6d4317a6e1a34c17529ba3.jpg,hv_kaggle,supervised,D5,DAY,0,test,hv_kaggle
test/0/D5_376_d6b2459d4fc844a1b1737cf31ba78803.jpg,hv_kaggle,supervised,D5,DAY,0,test,hv_kaggle
test/0/D5_380_7842aa8e90e9473a9ea1c8ae850c7d2c.jpg,hv_kaggle,supervised,D5,DAY,0,test,hv_kaggle
test/0/D5_391_949d263efa9c4aa38aa3c8162eca21f2.jpg,hv_kaggle,supervised,D5,DAY,0,test,hv_kaggle
test/0/D5_399_6c6ea6897df843ecaaee653004161b74.jpg,hv_kaggle,supervised,D5,DAY,0,test,hv_kaggle
test/1/D3_339_ea0fe060fb7443ab8aa2c1b57f3e1f5a.jpg,hv_kaggle,supervised,D3,DAY,1,test,hv_kaggle
test/1/D3_502_404bc6075be849fe88c77bac127514f6.jpg,hv_kaggle,supervised,D3,DAY,1,test,hv_kaggle
test/1/D3_548_3ad9a8dd422a42f49c2da8d0cb262342.jpg,hv_kaggle,supervised,D3,DAY,1,test,hv_kaggle
test/1/D3_684_1501dd38528542b8b75c024fbe2a2afe.jpg,hv_kaggle,supervised,D3,DAY,1,test,hv_kaggle
test/1/D3_767_f09640e4eb2a4f1aa842ef94d1f508b5.jpg,hv_kaggle,supervised,D3,DAY,1,test,hv_kaggle
test/1/D5_033_345cae9654f84ded8b7097082deabc69.jpg,hv_kaggle,supervised,D5,DAY,1,test,hv_kaggle
test/1/D5_108_e47f4921b0104aa2a50f0d80ba4a2770.jpg,hv_kaggle,supervised,D5,DAY,1,test,hv_kaggle
test/1/D5_121_d0333e89f39d4cbbbad3119a533d6701.jpg,hv_kaggle,supervised,D5,DAY,1,test,hv_kaggle
test/1/D5_157_3e13a548baf34fc1afe4b1500e82839d.jpg,hv_kaggle,supervised,D5,DAY,1,test,hv_kaggle
test/1/D5_158_65f994ccd65b4e89af63d374de3163c7.jpg,hv_kaggle,supervised,D5,DAY,1,test,hv_kaggle
test/1/D5_180_9674ef29bd4b4298bfb378486f8d0bc5.jpg,hv_kaggle,supervised,D5,DAY,1,test,hv_kaggle
test/1/D5_209_3a7908ae34bf4f15942a958c921c8c9b.jpg,hv_kaggle,supervised,D5,DAY,1,test,hv_kaggle
test/1/D5_216_bde0c2d144764542a5320d2da83bce10.jpg,hv_kaggle,supervised,D5,DAY,1,test,hv_kaggle
test/1/D5_218_1427dc751e354fc39c0a95ea80349eef.jpg,hv_kaggle,supervised,D5,DAY,1,test,hv_kaggle
test/1/D5_220_851499aa69ed4d96aad7bf1855d45897.jpg,hv_kaggle,supervised,D5,DAY,1,test,hv_kaggle
test/1/D5_223_d9013210f48148efaed0c049e9a23a7b.jpg,hv_kaggle,supervised,D5,DAY,1,test,hv_kaggle
test/1/D5_255_e0705a3ea19b4f2ca78cdd9f32ff2e54.jpg,hv_kaggle,supervised,D5,DAY,1,test,hv_kaggle
test/1/D5_260_108a5d4fca5143cf8a2951ed2556c056.jpg,hv_kaggle,supervised,D5,DAY,1,test,hv_kaggle
test/1/D5_274_18ad8fb694de49f2b49a36173e28b039.jpg,hv_kaggle,supervised,D5,DAY,1,test,hv_kaggle
test/1/D5_294_599df4fb049240aeb844112bcc124669.jpg,hv_kaggle,supervised,D5,DAY,1,test,hv_kaggle
test/1/D5_299_b626a47e7f9f455888160683928a83cd.jpg,hv_kaggle,supervised,D5,DAY,1,test,hv_kaggle
test/1/D5_305_d0a58278f3894913960eac6c854e2283.jpg,hv_kaggle,supervised,D5,DAY,1,test,hv_kaggle
test/1/D5_332_af3504056d534ffcb0a1091d8f71e117.jpg,hv_kaggle,supervised,D5,DAY,1,test,hv_kaggle
test/1/D5_342_949149645ee04c00b70aa834c1f40cd5.jpg,hv_kaggle,supervised,D5,DAY,1,test,hv_kaggle
test/1/D5_347_5658bac4cc354458b982caa9fbb64741.jpg,hv_kaggle,supervised,D5,DAY,1,test,hv_kaggle
train/0/D3_002_7cea353583a0481bb95e8ddb9e305660.jpg,hv_kaggle,supervised,D3,DAY,0,train,hv_kaggle
train/0/D3_004_8630ea68d3a5404c9ae84afc00276754.jpg,hv_kaggle,supervised,D3,DAY,0,val,hv_kaggle
train/0/D3_009_814706326a2648d1bd2560d62471bb7d.jpg,hv_kaggle,supervised,D3,DAY,0,train,hv_kaggle
train/0/D3_010_5160141ea8ea4f769e7177cd3af243f4.jpg,hv_kaggle,supervised,D3,DAY,0,train,hv_kaggle
train/0/D3_012_339f29df5a6b4223bf956c23cf040a0a.jpg,hv_kaggle,supervised,D3,DAY,0,train,hv_kaggle
train/0/D3_013_94579866bb424f81b674e7a1c684b356.jpg,hv_kaggle,supervised,D3,DAY,0,train,hv_kaggle
train/0/D3_014_4dc5dc40478c443ab2f0f6591fb139fe.jpg,hv_kaggle,supervised,D3,DAY,0,train,hv_kaggle
train/0/D3_015_d7affae8b4524d84a8f82c963abe3780.jpg,hv_kaggle,supervised,D3,DAY,0,train,hv_kaggle
train/0/D3_016_917690d9e9f7448f853aa3baec374b1b.jpg,hv_kaggle,supervised,D3,DAY,0,train,hv_kaggle
train/0/D3_017_a32d2cda85d34c9da8df237a4a1e5c2e.jpg,hv_kaggle,supervised,D3,DAY,0,train,hv_kaggle
train/0/D3_018_698a025683864d099cf01df26afcefff.jpg,hv_kaggle,supervised,D3,DAY,0,train,hv_kaggle
train/0/D3_019_02779aef5475494db3c9468997734535.jpg,hv_kaggle,supervised,D3,DAY,0,train,hv_kaggle
train/0/D3_021_16df5ae2982b49dda768a043e921ad7c.jpg,hv_kaggle,supervised,D3,DAY,0,train,hv_kaggle
train/0/D3_022_9136fa5199b14bccb4c90172cdf34c7e.jpg,hv_kaggle,supervised,D3,DAY,0,val,hv_kaggle
train/0/D3_025_88f9c81df2c54026bc4ff6320afaea84.jpg,hv_kaggle,supervised,D3,DAY,0,train,hv_kaggle
train/0/D3_027_96ab61d97a8a4be6b944641f554b7788.jpg,hv_kaggle,supervised,D3,DAY,0,train,hv_kaggle
train/0/D3_028_306e5f9c56a54190a28927596ed1d44e.jpg,hv_kaggle,supervised,D3,DAY,0,train,hv_kaggle
train/0/D3_033_06904ad388844a578228af29cf68034c.jpg,hv_kaggle,supervised,D3,DAY,0,train,hv_kaggle
train/0/D3_035_19a5cb9ff2f34052bba47adbe0b873d4.jpg,hv_kaggle,supervised,D3,DAY,0,train,hv_kaggle
train/0/D3_036_a899065e7297482e9f4bf6d48e9bfc08.jpg,hv_kaggle,supervised,D3,DAY,0,train,hv_kaggle
train/0/D3_037_924c823556eb4bef86afd8007a39e37e.jpg,hv_kaggle,supervised,D3,DAY,0,val,hv_kaggle
train/0/D3_038_cd3c28b7a8304a9e88853003142e1d5e.jpg,hv_kaggle,supervised,D3,DAY,0,val,hv_kaggle
train/0/D3_039_44f1d5c6ab3540148fad48c945a2ca3e.jpg,hv_kaggle,supervised,D3,DAY,0,train,hv_kaggle
train/0/D3_041_1554bec2218146d89baf1b50eab061c0.jpg,hv_kaggle,supervised,D3,DAY,0,train,hv_kaggle
train/0/D3_043_f26d8c413eb24fd899bc48e3386b7e6d.jpg,hv_kaggle,supervised,D3,DAY,0,train,hv_kaggle
train/0/D3_044_e4148c3be12d4a96862dcb035d72ef8d.jpg,hv_kaggle,supervised,D3,DAY,0,train,hv_kaggle
train/0/D3_046_b9a413c318014bc39f86df573f4493ad.jpg,hv_kaggle,supervised,D3,DAY,0,train,hv_kaggle
train/0/D3_047_aaa8ffd756ef43cd829c36453f707d29.jpg,hv_kaggle,supervised,D3,DAY,0,train,hv_kaggle
train/0/D3_048_73f542249ec64903b1aa23cecf922d2e.jpg,hv_kaggle,supervised,D3,DAY,0,train,hv_kaggle
train/0/D3_049_c0a52d6a97aa4866ac19e0a1d2431c5f.jpg,hv_kaggle,supervised,D3,DAY,0,train,hv_kaggle
train/0/D3_051_d7ba061505bc426585fdc80a39ab37d6.jpg,hv_kaggle,supervised,D3,DAY,0,train,hv_kaggle
train/0/D3_054_9338187d23834fdca69549f5e6a0bede.jpg,hv_kaggle,supervised,D3,DAY,0,train,hv_kaggle
train/0/D3_057_7e2c84f177e34602b2ccaa6df01bcf3a.jpg,hv_kaggle,supervised,D3,DAY,0,train,hv_kaggle
train/0/D3_058_46a907dd7a57496fa1506a014372225e.jpg,hv_kaggle,supervised,D3,DAY,0,train,hv_kaggle
train/0/D3_062_e68f8dd530304dbba9adf86cda5f9f6b.jpg,hv_kaggle,supervised,D3,DAY,0,val,hv_kaggle
train/0/D3_063_c31d267d4c694a8caf7842e036624b34.jpg,hv_kaggle,supervised,D3,DAY,0,train,hv_kaggle
train/0/D3_065_51a13a442de84c8ba7c4a7ac836dd3f0.jpg,hv_kaggle,supervised,D3,DAY,0,train,hv_kaggle
train/0/D3_069_bae2363a44f1454794fa446bc6bfe64a.jpg,hv_kaggle,supervised,D3,DAY,0,train,hv_kaggle
train/0/D3_072_146f53b3c5934982b1c2028dbe9ef523.jpg,hv_kaggle,supervised,D3,DAY,0,train,hv_kaggle
train/0/D3_075_fe7f7e64fc8140598ad4753302aa52ea.jpg,hv_kaggle,supervised,D3,DAY,0,train,hv_kaggle
train/0/D3_076_5aa6f6432e014e03a5b77cb8497afb49.jpg,hv_kaggle,supervised,D3,DAY,0,val,hv_kaggle
train/0/D3_084_9d01f6d5aeef4d7d80dc268103265e58.jpg,hv_kaggle,supervised,D3,DAY,0,train,hv_kaggle
train/0/D3_086_4feeacc2baa140bbb37ac7968bf9a1f0.jpg,hv_kaggle,supervised,D3,DAY,0,train,hv_kaggle
train/0/D3_092_6e5279cd58d140388b3a5c9160eda235.jpg,hv_kaggle,supervised,D3,DAY,0,train,hv_kaggle
train/0/D3_093_a0d16a7f7daa4e958aac9297722f488f.jpg,hv_kaggle,supervised,D3,DAY,0,train,hv_kaggle
train/0/D3_094_d3b6b99fd1e44e5ea346f89f9d0cc330.jpg,hv_kaggle,supervised,D3,DAY,0,train,hv_kaggle
train/0/D3_100_e5a89f3ddcbc493290896ea7d7551175.jpg,hv_kaggle,supervised,D3,DAY,0,train,hv_kaggle
train/0/D3_101_7a813f04e7544eb9888f6d4da72553fe.jpg,hv_kaggle,supervised,D3,DAY,0,train,hv_kaggle
train/0/D3_103_763d1afa81664a48b223688dadbe3083.jpg,hv_kaggle,supervised,D3,DAY,0,train,hv_kaggle
train/0/D3_105_9cc4dd443a634e5e834d143b074dbbc7.jpg,hv_kaggle,supervised,D3,DAY,0,train,hv_kaggle
train/0/D3_106_7791d962c49b4932a2338e7cbac5ba15.jpg,hv_kaggle,supervised,D3,DAY,0,train,hv_kaggle
train/0/D3_107_17b1466104334a85b32b26caf797d0c5.jpg,hv_kaggle,supervised,D3,DAY,0,train,hv_kaggle
train/0/D3_109_7691e6e62acf414693952b55d6de8139.jpg,hv_kaggle,supervised,D3,DAY,0,val,hv_kaggle
train/0/D3_112_a801518e83f44e42841e43798f19f41e.jpg,hv_kaggle,supervised,D3,DAY,0,train,hv_kaggle
train/0/D3_114_2ff0daf6d6024ef899fccfc7a170f535.jpg,hv_kaggle,supervised,D3,DAY,0,train,hv_kaggle
train/0/D3_115_c7edfdea7c474ee48936032cc2b0dab9.jpg,hv_kaggle,supervised,D3,DAY,0,train,hv_kaggle
train/0/D3_116_95b62602be64451396c24643f608a6fd.jpg,hv_kaggle,supervised,D3,DAY,0,train,hv_kaggle
train/0/D3_118_3be907e9669b4b9c931caf160f25e59c.jpg,hv_kaggle,supervised,D3,DAY,0,train,hv_kaggle
train/0/D3_120_769786785d6d4b39beed1d43e478c780.jpg,hv_kaggle,supervised,D3,DAY,0,val,hv_kaggle
train/0/D3_122_4671627dd1134381b3878d3e68899e94.jpg,hv_kaggle,supervised,D3,DAY,0,train,hv_kaggle
train/0/D3_123_0ce378a5039447b3ae1a86d44e7717e1.jpg,hv_kaggle,supervised,D3,DAY,0,train,hv_kaggle
train/0/D3_124_fde01875143e4eb1aa64fd7f6d1ae363.jpg,hv_kaggle,supervised,D3,DAY,0,train,hv_kaggle
train/0/D3_125_df5a79cce6a44aaf973d72824be2c689.jpg,hv_kaggle,supervised,D3,DAY,0,train,hv_kaggle
train/0/D3_126_6fbf71f6042547b59ea7dbe964f5bfd9.jpg,hv_kaggle,supervised,D3,DAY,0,train,hv_kaggle
train/0/D3_127_4be5202663a649ad943704aa4b79ccec.jpg,hv_kaggle,supervised,D3,DAY,0,train,hv_kaggle
train/0/D3_128_a371c22f3c9248d6a6efb92fff3f0878.jpg,hv_kaggle,supervised,D3,DAY,0,train,hv_kaggle
train/0/D3_129_593e9f7b40ce483d95805294800fbf02.jpg,hv_kaggle,supervised,D3,DAY,0,train,hv_kaggle
train/0/D3_135_401fe42b05ec4405b3f0a69df1d33a51.jpg,hv_kaggle,supervised,D3,DAY,0,train,hv_kaggle
train/0/D3_139_7ded12a5ed6b4d2d85a36af03dcb9349.jpg,hv_kaggle,supervised,D3,DAY,0,train,hv_kaggle
train/0/D3_142_37421fa4ff7742d5a313ecdd428abc6f.jpg,hv_kaggle,supervised,D3,DAY,0,train,hv_kaggle
train/0/D3_143_f62a792b22294b02a552bc9620e53c25.jpg,hv_kaggle,supervised,D3,DAY,0,train,hv_kaggle
train/0/D3_145_33a1ad7186564d13bd6546ebee0dd0e3.jpg,hv_kaggle,supervised,D3,DAY,0,val,hv_kaggle
train/0/D3_148_df7802b28c324f54850b1cc739a26832.jpg,hv_kaggle,supervised,D3,DAY,0,train,hv_kaggle
train/0/D3_150_3c40280d8a3748edb4a0cb2c40eff566.jpg,hv_kaggle,supervised,D3,DAY,0,train,hv_kaggle
train/0/D3_151_9baf94c6dd2441919c715e117d8e896a.jpg,hv_kaggle,supervised,D3,DAY,0,train,hv_kaggle
train/0/D3_152_c6ded76826524ebb81231a14d715e18e.jpg,hv_kaggle,supervised,D3,DAY,0,train,hv_kaggle
train/0/D3_154_601bcc5dd3f74b0192975b715d04184b.jpg,hv_kaggle,supervised,D3,DAY,0,train,hv_kaggle
train/0/D3_155_b3cd80ea575a47ff9981a728cf69849a.jpg,hv_kaggle,supervised,D3,DAY,0,train,hv_kaggle
train/0/D3_157_df9e2929aa354592947c8fd93837def6.jpg,hv_kaggle,supervised,D3,DAY,0,train,hv_kaggle
train/0/D3_158_7215a991f0fb48fcb73a487943a7f93d.jpg,hv_kaggle,supervised,D3,DAY,0,train,hv_kaggle
train/0/D3_163_00ae3880aa854536b72d1bd5ee2891a5.jpg,hv_kaggle,supervised,D3,DAY,0,val,hv_kaggle
train/0/D3_164_a36dd28aca0e48c2ad43211b30d3d60a.jpg,hv_kaggle,supervised,D3,DAY,0,train,hv_kaggle
train/0/D3_167_41d5720fc70b42bf95f93bb4711581d4.jpg,hv_kaggle,supervised,D3,DAY,0,train,hv_kaggle
train/0/D3_168_cf43b90556be4284a1fddd9788d4ed31.jpg,hv_kaggle,supervised,D3,DAY,0,train,hv_kaggle
train/0/D3_170_e011bff67c0b419099088a8f3e239b5b.jpg,hv_kaggle,supervised,D3,DAY,0,train,hv_kaggle
train/0/D3_171_d0df2c587850428698e53cf8f904d9c2.jpg,hv_kaggle,supervised,D3,DAY,0,train,hv_kaggle
train/0/D3_172_43418fce8b0f4accbac53f8acaeed1a6.jpg,hv_kaggle,supervised,D3,DAY,0,train,hv_kaggle
train/0/D3_173_5fdca10bd79d40aca4491d32de37cac2.jpg,hv_kaggle,supervised,D3,DAY,0,val,hv_kaggle
train/0/D3_174_8779940b14ac4caabaef2685b6d02bef.jpg,hv_kaggle,supervised,D3,DAY,0,train,hv_kaggle
train/0/D3_176_cb55976c124d435090512f97d40f1855.jpg,hv_kaggle,supervised,D3,DAY,0,train,hv_kaggle
train/0/D3_177_67df40f93f8c427b84ee26288701ec0c.jpg,hv_kaggle,supervised,D3,DAY,0,train,hv_kaggle
train/0/D3_178_7e1d99a3613746309eb2068130e0c34b.jpg,hv_kaggle,supervised,D3,DAY,0,val,hv_kaggle
train/0/D3_179_acc9273c94e242d286b6166020611b8f.jpg,hv_kaggle,supervised,D3,DAY,0,train,hv_kaggle
train/0/D3_180_ba2b0ffa94d74214bdf2bb1d11f1318b.jpg,hv_kaggle,supervised,D3,DAY,0,train,hv_kaggle
train/0/D3_185_8bf3987cbd5e43579863bfc878d78707.jpg,hv_kaggle,supervised,D3,DAY,0,train,hv_kaggle
train/0/D3_187_b33908e482d04b9384cf34a838185caa.jpg,hv_kaggle,supervised,D3,DAY,0,train,hv_kaggle
train/0/D3_188_e88cecbb2632467cae95bfb5d5575580.jpg,hv_kaggle,supervised,D3,DAY,0,train,hv_kaggle
train/0/D3_189_d00542e507aa42648b35aae04d54b020.jpg,hv_kaggle,supervised,D3,DAY,0,train,hv_kaggle
train/0/D3_190_6a1b58ebf18040c49d226b9a66674e04.jpg,hv_kaggle,supervised,D3,DAY,0,train,hv_kaggle
train/0/D3_191_452f99e3ff834f76b65b93eac303dba5.jpg,hv_kaggle,supervised,D3,DAY,0,val,hv_kaggle
train/0/D3_192_2a43906a7a314d3db9c45b7a1809835e.jpg,hv_kaggle,supervised,D3,DAY,0,train,hv_kaggle
train/0/D3_195_caa08430024b4b47bd9db7b9b88629c4.jpg,hv_kaggle,supervised,D3,DAY,0,train,hv_kaggle
train/0/D3_196_c73b281aa39b4f17bfdaebeaf9037ebe.jpg,hv_kaggle,supervised,D3,DAY,0,val,hv_kaggle
train/0/D3_198_57e2d075c9e84758811e3b84f72f98c1.jpg,hv_kaggle,supervised,D3,DAY,0,train,hv_kaggle
train/0/D3_201_7dc7a82f796244fa977f11ea6cde6cf7.jpg,hv_kaggle,supervised,D3,DAY,0,train,hv_kaggle
train/0/D3_203_9d510b16683d48028a87245277838a1a.jpg,hv_kaggle,supervised,D3,DAY,0,val,hv_kaggle
train/0/D3_206_cb09f7c9261346e3800dd11a641729d7.jpg,hv_kaggle,supervised,D3,DAY,0,val,hv_kaggle
train/0/D3_207_3bdd0c465ad44c3780381b703ccdfd1f.jpg,hv_kaggle,supervised,D3,DAY,0,train,hv_kaggle
train/0/D3_208_73f17c1fffa84a05a96750fab64f632c.jpg,hv_kaggle,supervised,D3,DAY,0,train,hv_kaggle
train/0/D3_215_4431330edea141e2a6a43e0baae9f20c.jpg,hv_kaggle,supervised,D3,DAY,0,train,hv_kaggle
train/0/D3_217_828eba45e54642359cea260ddafa3a94.jpg,hv_kaggle,supervised,D3,DAY,0,train,hv_kaggle
train/0/D3_218_f7359b14b9a0466798a8e383a239f6c2.jpg,hv_kaggle,supervised,D3,DAY,0,train,hv_kaggle
train/0/D3_220_84adf59b14874c6bae067f0d91c79a92.jpg,hv_kaggle,supervised,D3,DAY,0,train,hv_kaggle
train/0/D3_222_629937697f3e480a85e7fc44bb6b95f7.jpg,hv_kaggle,supervised,D3,DAY,0,train,hv_kaggle
train/0/D3_223_938f9fb449264b32a9ac3a6ddde23db6.jpg,hv_kaggle,supervised,D3,DAY,0,train,hv_kaggle
train/0/D3_224_933f198a66de44e2b1dbe7c7cd3ddd5a.jpg,hv_kaggle,supervised,D3,DAY,0,train,hv_kaggle
train/0/D3_225_c5ec6835292c4897ac436a4b4e3f5c0f.jpg,hv_kaggle,supervised,D3,DAY,0,train,hv_kaggle
train/0/D3_226_454286ee4162445a87c68f679ebfe4a8.jpg,hv_kaggle,supervised,D3,DAY,0,train,hv_kaggle
train/0/D3_227_d72fd19294844d7990db515a0e4e7481.jpg,hv_kaggle,supervised,D3,DAY,0,train,hv_kaggle
train/0/D3_228_72fef5a168e948c9a4691dcff1573df0.jpg,hv_kaggle,supervised,D3,DAY,0,train,hv_kaggle
train/0/D3_229_c7edac6803f2448bb6e870b3cd2fe4b7.jpg,hv_kaggle,supervised,D3,DAY,0,train,hv_kaggle
train/0/D3_230_0832a5540b9b4d78a7a5b98a251b005b.jpg,hv_kaggle,supervised,D3,DAY,0,val,hv_kaggle
train/0/D3_231_a612665d636143d0a68b7aefd817d474.jpg,hv_kaggle,supervised,D3,DAY,0,train,hv_kaggle
train/0/D3_233_49e0617fe4a841a6b7a788cfe91956b8.jpg,hv_kaggle,supervised,D3,DAY,0,train,hv_kaggle
train/0/D3_234_c1dedda12f5945cbaab5842a2e23a577.jpg,hv_kaggle,supervised,D3,DAY,0,train,hv_kaggle
train/0/D3_237_799c408464714bb692dab34190007f4e.jpg,hv_kaggle,supervised,D3,DAY,0,train,hv_kaggle
train/0/D3_239_aaa0d27919ef46149ebb5df5d0b4d3d0.jpg,hv_kaggle,supervised,D3,DAY,0,train,hv_kaggle
train/0/D3_241_b44f0f84ee844cac8d50f81068ca2141.jpg,hv_kaggle,supervised,D3,DAY,0,train,hv_kaggle
train/0/D3_242_005dd0cb2ea841e9a5a90bfeb028f711.jpg,hv_kaggle,supervised,D3,DAY,0,train,hv_kaggle
train/0/D3_244_9fdff5242fc74763aef541c5f875cb12.jpg,hv_kaggle,supervised,D3,DAY,0,train,hv_kaggle
train/0/D3_247_e38cc9f5a9e442b9b10c06c3db2b1f17.jpg,hv_kaggle,supervised,D3,DAY,0,val,hv_kaggle
train/0/D3_250_15311cb0428444e29dbc022fd97b7553.jpg,hv_kaggle,supervised,D3,DAY,0,train,hv_kaggle
train/0/D3_253_692a2947b23c4e31b99902d1e420b3c5.jpg,hv_kaggle,supervised,D3,DAY,0,train,hv_kaggle
train/0/D3_256_152ce4836733464cb08894280ef4f4f9.jpg,hv_kaggle,supervised,D3,DAY,0,train,hv_kaggle
train/0/D3_257_bdd5799a2066456b866195d16375c3dd.jpg,hv_kaggle,supervised,D3,DAY,0,train,hv_kaggle
train/0/D3_258_2cd484761b7e4cb39359ae29fd03c976.jpg,hv_kaggle,supervised,D3,DAY,0,train,hv_kaggle
train/0/D3_259_24e097304dba43708ffe796af2ba95f4.jpg,hv_kaggle,supervised,D3,DAY,0,train,hv_kaggle
train/0/D3_260_d56b825fb274418e843d2bdd4b86a8bb.jpg,hv_kaggle,supervised,D3,DAY,0,train,hv_kaggle
train/0/D3_268_e959c947cabe4bc4902ba52e3a575d83.jpg,hv_kaggle,supervised,D3,DAY,0,train,hv_kaggle
train/0/D3_269_2d24bea0e70d48579d248e430a814f05.jpg,hv_kaggle,supervised,D3,DAY,0,train,hv_kaggle
train/0/D3_271_938bc2c5057d4ea080c9ecad1950ae54.jpg,hv_kaggle,supervised,D3,DAY,0,train,hv_kaggle
train/0/D3_272_8351630e737648cf9a5a0b31807251a9.jpg,hv_kaggle,supervised,D3,DAY,0,train,hv_kaggle
train/0/D3_273_25ebfcaba3ed4744a7f138bb93053cc6.jpg,hv_kaggle,supervised,D3,DAY,0,train,hv_kaggle
train/0/D3_274_49ec03835a804324bd67927172c7a318.jpg,hv_kaggle,supervised,D3,DAY,0,train,hv_kaggle
train/0/D3_275_28f0deaccf014879bd8dfe4b35abd2fb.jpg,hv_kaggle,supervised,D3,DAY,0,train,hv_kaggle
train/0/D3_277_51c53ef0a9f14148a8607162f6bc2284.jpg,hv_kaggle,supervised,D3,DAY,0,train,hv_kaggle
train/0/D3_278_8a2fc19e6a824987b1f5b6dc6b315dc2.jpg,hv_kaggle,supervised,D3,DAY,0,train,hv_kaggle
train/0/D3_279_9ae6ce1d33db4030bdaf022d5df61f58.jpg,hv_kaggle,supervised,D3,DAY,0,train,hv_kaggle
train/0/D3_280_55fa07c3246b4323ae87deca75ac209f.jpg,hv_kaggle,supervised,D3,DAY,0,train,hv_kaggle
train/0/D3_281_c615ff32c837473a9bd11c498fc83d7e.jpg,hv_kaggle,supervised,D3,DAY,0,train,hv_kaggle
train/0/D3_283_daddb3e3aad4482087cec3d0adc4fce7.jpg,hv_kaggle,supervised,D3,DAY,0,train,hv_kaggle
train/0/D3_284_4e56ce0f3cf149c79166b519a57f5bc1.jpg,hv_kaggle,supervised,D3,DAY,0,train,hv_kaggle
train/0/D3_285_61d0443d61234f2da4f0fde664c44bd2.jpg,hv_kaggle,supervised,D3,DAY,0,train,hv_kaggle
train/0/D3_286_56c87ff2bf8a43b4a118a2b5cd2ba00c.jpg,hv_kaggle,supervised,D3,DAY,0,train,hv_kaggle
train/0/D3_288_af4841cb8e3c4170a477d464a1bf8a60.jpg,hv_kaggle,supervised,D3,DAY,0,train,hv_kaggle
train/0/D3_289_68890a4a25994ca4a031e3f6d4f4decb.jpg,hv_kaggle,supervised,D3,DAY,0,train,hv_kaggle
train/0/D3_290_9399c5cf3f764292b55a86dd9cef30f9.jpg,hv_kaggle,supervised,D3,DAY,0,train,hv_kaggle
train/0/D3_294_860c5907a4ea4c8eadab05d780405c19.jpg,hv_kaggle,supervised,D3,DAY,0,train,hv_kaggle
train/0/D3_296_748cf0847aed40d58ffbd02e64967f19.jpg,hv_kaggle,supervised,D3,DAY,0,train,hv_kaggle
train/0/D3_298_85e2eebeea124e4d852cb86bf73586de.jpg,hv_kaggle,supervised,D3,DAY,0,train,hv_kaggle
train/0/D3_301_de593eba0af4421c93001f6cf7fd6837.jpg,hv_kaggle,supervised,D3,DAY,0,val,hv_kaggle
train/0/D3_302_6840972a059e4036b9a1a51bd0ae22ea.jpg,hv_kaggle,supervised,D3,DAY,0,val,hv_kaggle
train/0/D3_304_c8ca37ad4ede4559916e43577010adb3.jpg,hv_kaggle,supervised,D3,DAY,0,train,hv_kaggle
train/0/D3_305_29631698b6d946429d1e2201a372b578.jpg,hv_kaggle,supervised,D3,DAY,0,train,hv_kaggle
train/0/D3_306_e5333bc966d2474e9ea83aa898f52b15.jpg,hv_kaggle,supervised,D3,DAY,0,train,hv_kaggle
train/0/D3_308_b123c0ef1e9842e89fd0f9bd71618c7b.jpg,hv_kaggle,supervised,D3,DAY,0,train,hv_kaggle
train/0/D3_309_4f5c59dbbabc45f49f01e348968fc341.jpg,hv_kaggle,supervised,D3,DAY,0,val,hv_kaggle
train/0/D3_311_7401857b6802464e9bed12b5d6b5079a.jpg,hv_kaggle,supervised,D3,DAY,0,train,hv_kaggle
train/0/D3_313_52b73d7e72054e209784b18e4a34f1df.jpg,hv_kaggle,supervised,D3,DAY,0,train,hv_kaggle
train/0/D3_318_cc407fabcc6941f6be323024147088ca.jpg,hv_kaggle,supervised,D3,DAY,0,train,hv_kaggle
train/0/D3_319_24620e785380412b85424abf0155f16f.jpg,hv_kaggle,supervised,D3,DAY,0,train,hv_kaggle
train/0/D3_321_208952077036454285fb5d39e7b91877.jpg,hv_kaggle,supervised,D3,DAY,0,train,hv_kaggle
train/0/D3_322_6074f65bf9ae4cbca8f1cd306ec00273.jpg,hv_kaggle,supervised,D3,DAY,0,train,hv_kaggle
train/0/D3_326_89ef7e0161764cef9888d22551c98ad6.jpg,hv_kaggle,supervised,D3,DAY,0,train,hv_kaggle
train/0/D3_329_350feff3eac14042ad42e85e047a741a.jpg,hv_kaggle,supervised,D3,DAY,0,train,hv_kaggle
train/0/D3_331_4fde0b49c7c241a5922d615584dea069.jpg,hv_kaggle,supervised,D3,DAY,0,train,hv_kaggle
train/0/D3_333_a87240bcb62143b39879e87a16d55112.jpg,hv_kaggle,supervised,D3,DAY,0,train,hv_kaggle
train/0/D3_335_12904e4664bb49bca028752d0b87444c.jpg,hv_kaggle,supervised,D3,DAY,0,train,hv_kaggle
train/0/D3_336_cfe45b4fd5e0459785137c8f6012cc03.jpg,hv_kaggle,supervised,D3,DAY,0,train,hv_kaggle
train/0/D3_338_264511a92ef5464389e673f8280b345e.jpg,hv_kaggle,supervised,D3,DAY,0,train,hv_kaggle
train/0/D3_340_d738b5ded70b471486f0f02a960dc0a4.jpg,hv_kaggle,supervised,D3,DAY,0,train,hv_kaggle
train/0/D3_341_2e47452ed665422cb66645b00b91949d.jpg,hv_kaggle,supervised,D3,DAY,0,train,hv_kaggle
train/0/D3_344_5762f20baece42098da1be2a286a6656.jpg,hv_kaggle,supervised,D3,DAY,0,train,hv_kaggle
train/0/D3_345_9e411df8b7334cfca64a7294e977c161.jpg,hv_kaggle,supervised,D3,DAY,0,train,hv_kaggle
train/0/D3_346_5d4b17ebd7ba4359bc915b2a34a301fd.jpg,hv_kaggle,supervised,D3,DAY,0,train,hv_kaggle
train/0/D3_349_44a25d487c854ead9d3587aac2d6eea0.jpg,hv_kaggle,supervised,D3,DAY,0,train,hv_kaggle
train/0/D3_350_349c56fc210f4cb48df59b6a5b561403.jpg,hv_kaggle,supervised,D3,DAY,0,train,hv_kaggle
train/0/D3_352_1505c4e33b6043e9bda6355d481c4741.jpg,hv_kaggle,supervised,D3,DAY,0,val,hv_kaggle
train/0/D3_354_0726a443979e4fb1b1b173095e9b1faa.jpg,hv_kaggle,supervised,D3,DAY,0,train,hv_kaggle
train/0/D3_355_d5077c7bd7524d32bc19a58b221d70c6.jpg,hv_kaggle,supervised,D3,DAY,0,val,hv_kaggle
train/0/D3_357_db0a5ca3c57b481b858b37ebdb99a548.jpg,hv_kaggle,supervised,D3,DAY,0,train,hv_kaggle
train/0/D3_359_289bae12875a4eecb9da77b69e296736.jpg,hv_kaggle,supervised,D3,DAY,0,val,hv_kaggle
train/0/D3_360_66f4acda940c484e9f4192ee55fff114.jpg,hv_kaggle,supervised,D3,DAY,0,train,hv_kaggle
train/0/D3_367_7b3de702641c4558857dc923d5330903.jpg,hv_kaggle,supervised,D3,DAY,0,train,hv_kaggle
train/0/D3_370_79972a5494e64f1b84248397fd904f9d.jpg,hv_kaggle,supervised,D3,DAY,0,train,hv_kaggle
train/0/D3_373_893d34e93659461b83dc816cc06ae20e.jpg,hv_kaggle,supervised,D3,DAY,0,train,hv_kaggle
train/0/D3_374_6629e6d7b0294a9ebcb2db67ea0de33c.jpg,hv_kaggle,supervised,D3,DAY,0,train,hv_kaggle
train/0/D3_375_6c08e836c79e47caba340bde4226c4c4.jpg,hv_kaggle,supervised,D3,DAY,0,train,hv_kaggle
train/0/D3_379_600c1f626b4a4c0c8c7a5654d4c031a9.jpg,hv_kaggle,supervised,D3,DAY,0,train,hv_kaggle
train/0/D3_380_8c51f2af4f8046a4b1347f2a800d6087.jpg,hv_kaggle,supervised,D3,DAY,0,train,hv_kaggle
train/0/D3_385_3445f5e9e8bc436587f67c949a969abb.jpg,hv_kaggle,supervised,D3,DAY,0,train,hv_kaggle
train/0/D3_386_3d94c1a9158241218fffdc4e5c25bc34.jpg,hv_kaggle,supervised,D3,DAY,0,val,hv_kaggle
train/0/D3_387_6fd8ace41c874a548b9774be574f770a.jpg,hv_kaggle,supervised,D3,DAY,0,train,hv_kaggle
train/0/D3_388_6bc20bc2592b4150883d20d0b3122aa1.jpg,hv_kaggle,supervised,D3,DAY,0,train,hv_kaggle
train/0/D3_390_b5a933580ab84156a78b8d5f4c4e329d.jpg,hv_kaggle,supervised,D3,DAY,0,train,hv_kaggle
train/0/D3_391_6a3ef7286e4c49228bb12656c5a58d10.jpg,hv_kaggle,supervised,D3,DAY,0,val,hv_kaggle
train/0/D3_392_c404aa71659d42e9a6d9fdfc3228e44d.jpg,hv_kaggle,supervised,D3,DAY,0,train,hv_kaggle
train/0/D3_393_22afc90d452445838aeeb8f1cff8d2d4.jpg,hv_kaggle,supervised,D3,DAY,0,val,hv_kaggle
train/0/D3_397_013622dbf6c9420eb638e513ab68192a.jpg,hv_kaggle,supervised,D3,DAY,0,train,hv_kaggle
train/0/D3_398_0060f9cbc41d43d3b2a44055d2f5bf79.jpg,hv_kaggle,supervised,D3,DAY,0,train,hv_kaggle
train/0/D3_400_9228c221a35d47f3aeb0d25877b84ba8.jpg,hv_kaggle,supervised,D3,DAY,0,train,hv_kaggle
train/0/D3_401_809c2335f44747fc8cc66da6ca5990c2.jpg,hv_kaggle,supervised,D3,DAY,0,train,hv_kaggle
train/0/D3_402_ad8591742aa54d3a8da46f9f70121098.jpg,hv_kaggle,supervised,D3,DAY,0,val,hv_kaggle
train/0/D3_403_693608d593864b4b9b227d8be8d1c0a8.jpg,hv_kaggle,supervised,D3,DAY,0,train,hv_kaggle
train/0/D3_404_e96ec268957f42a2b8f8d5b64fbaa0fc.jpg,hv_kaggle,supervised,D3,DAY,0,val,hv_kaggle
train/0/D3_405_d28add522d494801b069de8655052c8c.jpg,hv_kaggle,supervised,D3,DAY,0,train,hv_kaggle
train/0/D3_407_51c09a854d2141f1bc24d213088a9b3d.jpg,hv_kaggle,supervised,D3,DAY,0,val,hv_kaggle
train/0/D3_408_32380ba590b74749882fe15bca7c16c3.jpg,hv_kaggle,supervised,D3,DAY,0,train,hv_kaggle
train/0/D3_409_f7be66a060b84c5daa7508e9ac3ec080.jpg,hv_kaggle,supervised,D3,DAY,0,train,hv_kaggle
train/0/D3_412_c4d8454a6c394a3f90af40c8aaf09e64.jpg,hv_kaggle,supervised,D3,DAY,0,train,hv_kaggle
train/0/D3_413_9dcdcc9604f64ded878387db0f1ad3d2.jpg,hv_kaggle,supervised,D3,DAY,0,train,hv_kaggle
train/0/D3_414_9165c86cab6445ff8445092f4335feba.jpg,hv_kaggle,supervised,D3,DAY,0,train,hv_kaggle
train/0/D3_416_83b4a78205144cb8b26025ae178498a4.jpg,hv_kaggle,supervised,D3,DAY,0,train,hv_kaggle
train/0/D3_417_3b23d25e25cb49aab4f4426748a2a96c.jpg,hv_kaggle,supervised,D3,DAY,0,train,hv_kaggle
train/0/D3_418_741e530ebb394186a489ed683e984f73.jpg,hv_kaggle,supervised,D3,DAY,0,train,hv_kaggle
train/0/D3_419_81f91dc5fa9a4c99bdae1ea3af4def58.jpg,hv_kaggle,supervised,D3,DAY,0,train,hv_kaggle
train/0/D3_420_e5634181072542698fb9f327b2fd1ff6.jpg,hv_kaggle,supervised,D3,DAY,0,train,hv_kaggle
train/0/D3_421_b4806af34fac48adafe6680520647991.jpg,hv_kaggle,supervised,D3,DAY,0,train,hv_kaggle
train/0/D3_422_daedfc19388a4037bd7c9170365f58a6.jpg,hv_kaggle,supervised,D3,DAY,0,train,hv_kaggle
train/0/D3_425_6d31351a89c7405f939bd9a8ca57b1e2.jpg,hv_kaggle,supervised,D3,DAY,0,train,hv_kaggle
train/0/D3_427_9d4d78bffe2949d1bd713c74b0bc2497.jpg,hv_kaggle,supervised,D3,DAY,0,train,hv_kaggle
train/0/D3_434_971602eff2e7466abd178ab02c4236d5.jpg,hv_kaggle,supervised,D3,DAY,0,train,hv_kaggle
train/0/D3_436_4b792a25d7f74731a01894ce88676a1f.jpg,hv_kaggle,supervised,D3,DAY,0,train,hv_kaggle
train/0/D3_440_7a514053e486419aae0ffcbadbfa9e66.jpg,hv_kaggle,supervised,D3,DAY,0,train,hv_kaggle
train/0/D3_442_ddc69f105a3946e7b2c881e38c5da75b.jpg,hv_kaggle,supervised,D3,DAY,0,train,hv_kaggle
train/0/D3_444_8982bf048553430e94afbaab6e028af0.jpg,hv_kaggle,supervised,D3,DAY,0,train,hv_kaggle
train/0/D3_446_61c90e3a5eb44837849bbbe7804afa6c.jpg,hv_kaggle,supervised,D3,DAY,0,val,hv_kaggle
train/0/D3_448_4fdf922ad5e04d8e9a3f87731f8677cd.jpg,hv_kaggle,supervised,D3,DAY,0,train,hv_kaggle
train/0/D3_452_767cc8f268094906bad61a3595969c41.jpg,hv_kaggle,supervised,D3,DAY,0,train,hv_kaggle
train/0/D3_453_1d929531233d449abc1a226c06f489f0.jpg,hv_kaggle,supervised,D3,DAY,0,train,hv_kaggle
train/0/D3_454_77c49b9330ab47269f37525ed9e8e5d2.jpg,hv_kaggle,supervised,D3,DAY,0,train,hv_kaggle
train/0/D3_456_b4a81ef957b74967880be07af10c33db.jpg,hv_kaggle,supervised,D3,DAY,0,val,hv_kaggle
train/0/D3_458_cdbcd4770902449091772265f5ef6267.jpg,hv_kaggle,supervised,D3,DAY,0,train,hv_kaggle
train/0/D3_459_c6234e8b7f2949009b7ddfa564f036cd.jpg,hv_kaggle,supervised,D3,DAY,0,val,hv_kaggle
train/0/D3_460_a70baebea07f451282bf07f0a7ac2672.jpg,hv_kaggle,supervised,D3,DAY,0,train,hv_kaggle
train/0/D3_461_c2e9d171d5424321990173a2d5e591c2.jpg,hv_kaggle,supervised,D3,DAY,0,train,hv_kaggle
train/0/D3_463_228dae5980aa4c6fbd418d1b229453e4.jpg,hv_kaggle,supervised,D3,DAY,0,train,hv_kaggle
train/0/D3_464_bf7e9ecb70c04a5f98ddb4d48a3e2077.jpg,hv_kaggle,supervised,D3,DAY,0,train,hv_kaggle
train/0/D3_466_3ecae3744d594f7788551b85cf2618d7.jpg,hv_kaggle,supervised,D3,DAY,0,train,hv_kaggle
train/0/D3_467_3dc57c9dd78f43278db8ce5fe680a437.jpg,hv_kaggle,supervised,D3,DAY,0,train,hv_kaggle
train/0/D3_468_0fedb6713e8d4e6bbf7e35d967ec0a91.jpg,hv_kaggle,supervised,D3,DAY,0,train,hv_kaggle
train/0/D3_469_652b4e243cbc42ba8a19528f54823daf.jpg,hv_kaggle,supervised,D3,DAY,0,val,hv_kaggle
train/0/D3_470_63aa45ef694b4cbbbd2c8827f8f3eefc.jpg,hv_kaggle,supervised,D3,DAY,0,val,hv_kaggle
train/0/D3_471_3f9733e60ca04b07808b0e0531fe625f.jpg,hv_kaggle,supervised,D3,DAY,0,train,hv_kaggle
train/0/D3_472_8a50870cb61f49bb8ea5c8a580be7932.jpg,hv_kaggle,supervised,D3,DAY,0,train,hv_kaggle
train/0/D3_473_c8031d7b861a40dab6267e1d75fdce78.jpg,hv_kaggle,supervised,D3,DAY,0,train,hv_kaggle
train/0/D3_475_44c7aa1375184b7583df7046070ff829.jpg,hv_kaggle,supervised,D3,DAY,0,train,hv_kaggle
train/0/D3_476_8d797f7ff9a2400884b36d8fff295cdf.jpg,hv_kaggle,supervised,D3,DAY,0,train,hv_kaggle
train/0/D3_477_52bb97c3c0b342f8a385ba16af8135ef.jpg,hv_kaggle,supervised,D3,DAY,0,train,hv_kaggle
train/0/D3_480_d2e6655d5db74b2dbe460eea29c3499b.jpg,hv_kaggle,supervised,D3,DAY,0,train,hv_kaggle
train/0/D3_483_599f4908b387425597ff92e09fb5b1cd.jpg,hv_kaggle,supervised,D3,DAY,0,train,hv_kaggle
train/0/D3_486_06452e936dc54cbda1b59bbdbbc33fa7.jpg,hv_kaggle,supervised,D3,DAY,0,train,hv_kaggle
train/0/D3_488_6563fa9322814b6bb96a0c7720575a5c.jpg,hv_kaggle,supervised,D3,DAY,0,train,hv_kaggle
train/0/D3_489_8a1556a8a79d4d0182fb31c2ce1471ef.jpg,hv_kaggle,supervised,D3,DAY,0,train,hv_kaggle
train/0/D3_490_40ca05f338cc4395ade871261fcff94a.jpg,hv_kaggle,supervised,D3,DAY,0,train,hv_kaggle
train/0/D3_492_e939324e63cb412cb1b5c4e418c6ea60.jpg,hv_kaggle,supervised,D3,DAY,0,train,hv_kaggle
train/0/D3_493_465b269cfe8041fe91ea997e492aa754.jpg,hv_kaggle,supervised,D3,DAY,0,train,hv_kaggle
train/0/D3_494_e24e01a5e9d94d609734f2f86a2220a3.jpg,hv_kaggle,supervised,D3,DAY,0,train,hv_kaggle
train/0/D3_496_61b5e6155ec0488d96e213540dc3a77b.jpg,hv_kaggle,supervised,D3,DAY,0,train,hv_kaggle
train/0/D3_497_1fac1dbb5c9e44ad8f014937d0981182.jpg,hv_kaggle,supervised,D3,DAY,0,val,hv_kaggle
train/0/D3_498_b505464b6fdb445696212c6ec85e92d8.jpg,hv_kaggle,supervised,D3,DAY,0,val,hv_kaggle
train/0/D3_499_5f942b428ea347d4b5e069a8cd12a2c9.jpg,hv_kaggle,supervised,D3,DAY,0,train,hv_kaggle
train/0/D3_500_d1b1aa1602a64f84b7240062b5636d4d.jpg,hv_kaggle,supervised,D3,DAY,0,train,hv_kaggle
train/0/D3_501_594a2fc5fafe4b2a98a8d42510f4bf61.jpg,hv_kaggle,supervised,D3,DAY,0,val,hv_kaggle
train/0/D3_503_a0b60599dd1544bcbb7316d3ffb9bb37.jpg,hv_kaggle,supervised,D3,DAY,0,train,hv_kaggle
train/0/D3_504_9d23f54984964956ba0489c3c0934a61.jpg,hv_kaggle,supervised,D3,DAY,0,train,hv_kaggle
train/0/D3_508_8effb3e6b0214a44bd55ee818a79e247.jpg,hv_kaggle,supervised,D3,DAY,0,val,hv_kaggle
train/0/D3_510_de597180def74d389e1fcfaf7d5cf787.jpg,hv_kaggle,supervised,D3,DAY,0,train,hv_kaggle
train/0/D3_511_6089924e15b24d4c9dcf3f05ea7512ae.jpg,hv_kaggle,supervised,D3,DAY,0,train,hv_kaggle
train/0/D3_512_391d4f1f22b24fd089a5c616fc476155.jpg,hv_kaggle,supervised,D3,DAY,0,val,hv_kaggle
train/0/D3_515_ef1803f887504889a5f7ae85f6fff12b.jpg,hv_kaggle,supervised,D3,DAY,0,train,hv_kaggle
train/0/D3_517_a82a62f838104e108ce637119ef9d57b.jpg,hv_kaggle,supervised,D3,DAY,0,train,hv_kaggle
train/0/D3_519_6e1e843854cb4cd5bbf4501fe6a82bdb.jpg,hv_kaggle,supervised,D3,DAY,0,train,hv_kaggle
train/0/D3_521_f18f5369c25c47bd95e2af797523cf72.jpg,hv_kaggle,supervised,D3,DAY,0,train,hv_kaggle
train/0/D3_524_984b394e574e4e37847bf9f91ef354b7.jpg,hv_kaggle,supervised,D3,DAY,0,train,hv_kaggle
train/0/D3_525_747513c701b74f6fae6f2167db2539a7.jpg,hv_kaggle,supervised,D3,DAY,0,train,hv_kaggle
train/0/D3_529_8f470ae04d4b4c9aabaae09be53828b1.jpg,hv_kaggle,supervised,D3,DAY,0,train,hv_kaggle
train/0/D3_531_9425f3e8223043fcb0f7b80ff24e46c5.jpg,hv_kaggle,supervised,D3,DAY,0,train,hv_kaggle
train/0/D3_532_fcab54b67f9e4896ae411ea3566b8783.jpg,hv_kaggle,supervised,D3,DAY,0,train,hv_kaggle
train/0/D3_537_e401f9873beb48c1a8c1fbce20818ec7.jpg,hv_kaggle,supervised,D3,DAY,0,train,hv_kaggle
train/0/D3_539_c31a1eab6f6f484f84a67c4df450e550.jpg,hv_kaggle,supervised,D3,DAY,0,train,hv_kaggle
train/0/D3_540_3652220b8d02440aabdfb8a46bd75cb1.jpg,hv_kaggle,supervised,D3,DAY,0,train,hv_kaggle
train/0/D3_541_1663af26dcf1476cb5e3d6f66a0ba141.jpg,hv_kaggle,supervised,D3,DAY,0,train,hv_kaggle
train/0/D3_542_10d70aa9680147189e30266a66202665.jpg,hv_kaggle,supervised,D3,DAY,0,train,hv_kaggle
train/0/D3_547_7cd418e7efa2478a88235f606343c026.jpg,hv_kaggle,supervised,D3,DAY,0,train,hv_kaggle
train/0/D3_549_c141f09544624149a7d7814273705377.jpg,hv_kaggle,supervised,D3,DAY,0,val,hv_kaggle
train/0/D3_551_dc2c3b2fa8274f70b153858fdcb0a338.jpg,hv_kaggle,supervised,D3,DAY,0,train,hv_kaggle
train/0/D3_552_3f4c7fc275504924a5e720271a8927ab.jpg,hv_kaggle,supervised,D3,DAY,0,train,hv_kaggle
train/0/D3_553_b8ee12a6d1694ec7a13986c856e907aa.jpg,hv_kaggle,supervised,D3,DAY,0,train,hv_kaggle
train/0/D3_557_9eb14c1b8e514652a70d453dfedb6cbf.jpg,hv_kaggle,supervised,D3,DAY,0,train,hv_kaggle
train/0/D3_558_688cbe1fd2b540ee85e54bb9dd9f8a2c.jpg,hv_kaggle,supervised,D3,DAY,0,train,hv_kaggle
train/0/D3_559_a56441ff29494b22a6a9c4f730f85ead.jpg,hv_kaggle,supervised,D3,DAY,0,train,hv_kaggle
train/0/D3_562_b3ea60e2db5c4944852cd84f66358676.jpg,hv_kaggle,supervised,D3,DAY,0,train,hv_kaggle
train/0/D3_563_3c591886b54840adbc773c13ceeb08f7.jpg,hv_kaggle,supervised,D3,DAY,0,val,hv_kaggle
train/0/D3_564_66189023a5c84ea892b69782cb72a72d.jpg,hv_kaggle,supervised,D3,DAY,0,train,hv_kaggle
train/0/D3_565_1398fbbf06f54616a504125396bbcee5.jpg,hv_kaggle,supervised,D3,DAY,0,train,hv_kaggle
train/0/D3_567_60bbe0fe451847cbab99ba7aa1ee540b.jpg,hv_kaggle,supervised,D3,DAY,0,train,hv_kaggle
train/0/D3_568_fb03d8cd29924f0fbd1cd6fece078a2e.jpg,hv_kaggle,supervised,D3,DAY,0,train,hv_kaggle
train/0/D3_572_898a36141a8243d7a6459b0cf000edf7.jpg,hv_kaggle,supervised,D3,DAY,0,val,hv_kaggle
train/0/D3_573_2a7bb6b8d2934237ac158441e5c001b2.jpg,hv_kaggle,supervised,D3,DAY,0,train,hv_kaggle
train/0/D3_574_0f1a447253b444e6a9d2df1b1e3ba899.jpg,hv_kaggle,supervised,D3,DAY,0,train,hv_kaggle
train/0/D3_575_09b9d7feb22e494bb30d5d69de59c882.jpg,hv_kaggle,supervised,D3,DAY,0,train,hv_kaggle
train/0/D3_580_6f2eb8849b4a424fa5bed5d15130cbe5.jpg,hv_kaggle,supervised,D3,DAY,0,train,hv_kaggle
train/0/D3_582_f958386b74b84922b92274f397f022d4.jpg,hv_kaggle,supervised,D3,DAY,0,val,hv_kaggle
train/0/D3_586_6f2d060a236f4a75822b2782e1045d99.jpg,hv_kaggle,supervised,D3,DAY,0,train,hv_kaggle
train/0/D3_588_8e2a1253355543938ac03a77ed5e4c38.jpg,hv_kaggle,supervised,D3,DAY,0,val,hv_kaggle
train/0/D3_589_02bad4ff6b3a402e8bf0d63f639fedca.jpg,hv_kaggle,supervised,D3,DAY,0,train,hv_kaggle
train/0/D3_591_ab7632f336de42a6be38ade74bf30490.jpg,hv_kaggle,supervised,D3,DAY,0,train,hv_kaggle
train/0/D3_599_8cce0d7590314ac58c6cf69b07173044.jpg,hv_kaggle,supervised,D3,DAY,0,train,hv_kaggle
train/0/D3_600_fd3bf714f84849689722affe56c7dc12.jpg,hv_kaggle,supervised,D3,DAY,0,train,hv_kaggle
train/0/D3_601_2005d9837af64b5fb59aca10bb94a34e.jpg,hv_kaggle,supervised,D3,DAY,0,train,hv_kaggle
train/0/D3_602_c0d225acdea64669ad5ff9bed388f373.jpg,hv_kaggle,supervised,D3,DAY,0,train,hv_kaggle
train/0/D3_606_3f9b3d50f16c4079bea7684e56d077de.jpg,hv_kaggle,supervised,D3,DAY,0,train,hv_kaggle
train/0/D3_607_eae37339bb3a47858aaa7becf6ec5a68.jpg,hv_kaggle,supervised,D3,DAY,0,train,hv_kaggle
train/0/D3_608_3feb7d8d2b9442668c1366b671c7ac91.jpg,hv_kaggle,supervised,D3,DAY,0,train,hv_kaggle
train/0/D3_610_ef64c58e05614ec9b0c7e359f1623af8.jpg,hv_kaggle,supervised,D3,DAY,0,train,hv_kaggle
train/0/D3_612_21cd2d72b1e14b1e92c67738ccba6a4f.jpg,hv_kaggle,supervised,D3,DAY,0,train,hv_kaggle
train/0/D3_613_57bdbcbb55cc4ba2aacf95243c6d18ad.jpg,hv_kaggle,supervised,D3,DAY,0,train,hv_kaggle
train/0/D3_615_bfd7077c60c64c4ab98caa43b8f2fc34.jpg,hv_kaggle,supervised,D3,DAY,0,train,hv_kaggle
train/0/D3_617_4b16ab7388cd49c9bca58c5d342a9dc1.jpg,hv_kaggle,supervised,D3,DAY,0,train,hv_kaggle
train/0/D3_620_3294bfaeb6d04d478dcd05be82e5b845.jpg,hv_kaggle,supervised,D3,DAY,0,val,hv_kaggle
train/0/D3_624_6cde640410cc4d5599734b7bf03a5324.jpg,hv_kaggle,supervised,D3,DAY,0,train,hv_kaggle
train/0/D3_626_ebca7e973aad4dcfb7fd475ec86b8afb.jpg,hv_kaggle,supervised,D3,DAY,0,train,hv_kaggle
train/0/D3_628_1ba52c2d12254cbaaffd93006cff7998.jpg,hv_kaggle,supervised,D3,DAY,0,train,hv_kaggle
train/0/D3_630_814528ea8ca54138a7b8b6c2558280d0.jpg,hv_kaggle,supervised,D3,DAY,0,train,hv_kaggle
train/0/D3_631_ac7d2b871d9043e38b928a749aca3fd7.jpg,hv_kaggle,supervised,D3,DAY,0,train,hv_kaggle
train/0/D3_634_83b5613590a94e129f682b43265fca8a.jpg,hv_kaggle,supervised,D3,DAY,0,train,hv_kaggle
train/0/D3_635_4ab27618c3284c4eb9078dbca5b9a6bd.jpg,hv_kaggle,supervised,D3,DAY,0,val,hv_kaggle
train/0/D3_637_c7495f0cc0d74b2db7feb0933a1f506b.jpg,hv_kaggle,supervised,D3,DAY,0,train,hv_kaggle
train/0/D3_639_f28944d06cb74b8fade5544656b9b561.jpg,hv_kaggle,supervised,D3,DAY,0,val,hv_kaggle
train/0/D3_640_bf05e02895ae41f28a68232560151b36.jpg,hv_kaggle,supervised,D3,DAY,0,train,hv_kaggle
train/0/D3_643_3fa059b724fb4f8c97f44c20879f179b.jpg,hv_kaggle,supervised,D3,DAY,0,train,hv_kaggle
train/0/D3_644_c82707e7001a47d389ecc7bca66cfe9c.jpg,hv_kaggle,supervised,D3,DAY,0,train,hv_kaggle
train/0/D3_646_9f59c07d51f747f7aba9bc56cf723db0.jpg,hv_kaggle,supervised,D3,DAY,0,val,hv_kaggle
train/0/D3_647_314a3592a08d4976a51644b8a634ae3c.jpg,hv_kaggle,supervised,D3,DAY,0,train,hv_kaggle
train/0/D3_648_d91d8b568a8f46569eceab3b91041136.jpg,hv_kaggle,supervised,D3,DAY,0,val,hv_kaggle
train/0/D3_649_fb707bfbbabe43a3802580d27f67aa9b.jpg,hv_kaggle,supervised,D3,DAY,0,train,hv_kaggle
train/0/D3_650_8bb17a4798ab480590d127cef722c9e0.jpg,hv_kaggle,supervised,D3,DAY,0,train,hv_kaggle
train/0/D3_658_9feddab11df44a6bb8a20039e8a1c3d3.jpg,hv_kaggle,supervised,D3,DAY,0,train,hv_kaggle
train/0/D3_661_6e0b94b93cda4b6e8c14f09d8011365c.jpg,hv_kaggle,supervised,D3,DAY,0,train,hv_kaggle
train/0/D3_662_3a84f44ee5a04802b57afd43942139d1.jpg,hv_kaggle,supervised,D3,DAY,0,val,hv_kaggle
train/0/D3_664_f1555a84e6c14814a9ca319768a563f4.jpg,hv_kaggle,supervised,D3,DAY,0,train,hv_kaggle
train/0/D3_666_748f3cd3e50040b4997430d41af8e55f.jpg,hv_kaggle,supervised,D3,DAY,0,train,hv_kaggle
train/0/D3_669_536d74ccae25418eb4ba135307ba5234.jpg,hv_kaggle,supervised,D3,DAY,0,train,hv_kaggle
train/0/D3_670_a297a64f5253490b82d0f061d1dd26ab.jpg,hv_kaggle,supervised,D3,DAY,0,train,hv_kaggle
train/0/D3_672_e296d1bf9030419484c1d22cdd0ec4f1.jpg,hv_kaggle,supervised,D3,DAY,0,train,hv_kaggle
train/0/D3_675_e5b53a4328b24bf3842f203128483cb0.jpg,hv_kaggle,supervised,D3,DAY,0,train,hv_kaggle
train/0/D3_676_b875b6ae15534ffaa742bd78275209a2.jpg,hv_kaggle,supervised,D3,DAY,0,train,hv_kaggle
train/0/D3_677_bb1e9b096ca04069a0ddfe2971258a5a.jpg,hv_kaggle,supervised,D3,DAY,0,train,hv_kaggle
train/0/D3_678_7d1e7ef58fa241dda5270906117c649a.jpg,hv_kaggle,supervised,D3,DAY,0,train,hv_kaggle
train/0/D3_680_a8082069914a4e1e9d1db2e7d4e60295.jpg,hv_kaggle,supervised,D3,DAY,0,train,hv_kaggle
train/0/D3_681_0a1427e764d843d99f927dd1f305a066.jpg,hv_kaggle,supervised,D3,DAY,0,train,hv_kaggle
train/0/D3_682_594e5b6281ee44ecaf039995f759f563.jpg,hv_kaggle,supervised,D3,DAY,0,train,hv_kaggle
train/0/D3_683_15beeee9a4e3457bb2912cff781f83a6.jpg,hv_kaggle,supervised,D3,DAY,0,train,hv_kaggle
train/0/D3_685_90f27814cea14df69ad035dfead88e95.jpg,hv_kaggle,supervised,D3,DAY,0,train,hv_kaggle
train/0/D3_687_ea243e88fdab462b9f1b4ee68ceef4dd.jpg,hv_kaggle,supervised,D3,DAY,0,train,hv_kaggle
train/0/D3_688_9d8a1c65053e461c82f7175474622a14.jpg,hv_kaggle,supervised,D3,DAY,0,val,hv_kaggle
train/0/D3_691_6104efc95b0b4085b9ca314f43353223.jpg,hv_kaggle,supervised,D3,DAY,0,train,hv_kaggle
train/0/D3_694_2f18cf0247564b76b30216f0176b9f25.jpg,hv_kaggle,supervised,D3,DAY,0,train,hv_kaggle
train/0/D3_695_ef2477cbf2c34e98bcc5381072d019a7.jpg,hv_kaggle,supervised,D3,DAY,0,train,hv_kaggle
train/0/D3_696_2873b8ad03474c258ebe20661515aa68.jpg,hv_kaggle,supervised,D3,DAY,0,train,hv_kaggle
train/0/D3_698_f06a815df57a4d8688689c623b7a9c71.jpg,hv_kaggle,supervised,D3,DAY,0,train,hv_kaggle
train/0/D3_699_da0c0b4847be4cff9a536fdff10e3114.jpg,hv_kaggle,supervised,D3,DAY,0,val,hv_kaggle
train/0/D3_701_62dad30db0d648ddb1d9d7bc45710483.jpg,hv_kaggle,supervised,D3,DAY,0,train,hv_kaggle
train/0/D3_703_419088bd43984e638cb909c6955832a8.jpg,hv_kaggle,supervised,D3,DAY,0,train,hv_kaggle
train/0/D3_704_850873c1fae740eea40efc8b6eb22f01.jpg,hv_kaggle,supervised,D3,DAY,0,train,hv_kaggle
train/0/D3_705_d672420e5b784715a62d68377b0a6fa5.jpg,hv_kaggle,supervised,D3,DAY,0,train,hv_kaggle
train/0/D3_709_f12d2d562ba0412193d8edae3c0b2c46.jpg,hv_kaggle,supervised,D3,DAY,0,train,hv_kaggle
train/0/D3_711_1f3ecbcede30494483f7552d8fc4451d.jpg,hv_kaggle,supervised,D3,DAY,0,train,hv_kaggle
train/0/D3_712_d5c72b35f3b74c00b746f345248ff726.jpg,hv_kaggle,supervised,D3,DAY,0,val,hv_kaggle
train/0/D3_713_0e5e68d2ec09449fb316219b3fa14ae4.jpg,hv_kaggle,supervised,D3,DAY,0,train,hv_kaggle
train/0/D3_715_e27bde1ece4142c09145c9e9f800516c.jpg,hv_kaggle,supervised,D3,DAY,0,train,hv_kaggle
train/0/D3_717_901ede95d96042c49870b48102f26e60.jpg,hv_kaggle,supervised,D3,DAY,0,train,hv_kaggle
train/0/D3_718_bb83725461ec449b8ce3a3caf1190264.jpg,hv_kaggle,supervised,D3,DAY,0,train,hv_kaggle
train/0/D3_719_9fbf1c7fdd2049949efab60551851a5c.jpg,hv_kaggle,supervised,D3,DAY,0,train,hv_kaggle
train/0/D3_723_1c5d7f1538164d91a78bd5d2bd48d947.jpg,hv_kaggle,supervised,D3,DAY,0,val,hv_kaggle
train/0/D3_726_02523f3c71064942a517422ce297f9a2.jpg,hv_kaggle,supervised,D3,DAY,0,train,hv_kaggle
train/0/D3_727_617f6a490b0c42099818ad7b74eacf12.jpg,hv_kaggle,supervised,D3,DAY,0,val,hv_kaggle
train/0/D3_728_46359c6f30bb4389b1ec54adb94560cc.jpg,hv_kaggle,supervised,D3,DAY,0,train,hv_kaggle
train/0/D3_730_a4ca8752305e46b7ad7fcc2c1fb59dfd.jpg,hv_kaggle,supervised,D3,DAY,0,val,hv_kaggle
train/0/D3_732_1bb0ac0c3d0f48879e70991b143f32ac.jpg,hv_kaggle,supervised,D3,DAY,0,train,hv_kaggle
train/0/D3_733_b89bfc86987d40a4bb63d71d2fed0127.jpg,hv_kaggle,supervised,D3,DAY,0,train,hv_kaggle
train/0/D3_734_e224fb9f7b3641289edb4992c3cb1c0a.jpg,hv_kaggle,supervised,D3,DAY,0,train,hv_kaggle
train/0/D3_735_6755b80b44774a2ab393cdf4a1e0173d.jpg,hv_kaggle,supervised,D3,DAY,0,train,hv_kaggle
train/0/D3_736_3bf58f0afafc4112abda625c095d960b.jpg,hv_kaggle,supervised,D3,DAY,0,train,hv_kaggle
train/0/D3_738_3ce32d4653974da89fd807c261a1cae4.jpg,hv_kaggle,supervised,D3,DAY,0,train,hv_kaggle
train/0/D3_740_787b5b565f49467d9858e0d7bec41808.jpg,hv_kaggle,supervised,D3,DAY,0,train,hv_kaggle
train/0/D3_741_cdc59c417a9b425a930f7e36af21cf21.jpg,hv_kaggle,supervised,D3,DAY,0,train,hv_kaggle
train/0/D3_743_f5e6621aad894f0585119e8677cf791e.jpg,hv_kaggle,supervised,D3,DAY,0,train,hv_kaggle
train/0/D3_744_c43426ef10084530a0873dcbd51e5265.jpg,hv_kaggle,supervised,D3,DAY,0,train,hv_kaggle
train/0/D3_746_cc462efead4e4cdaaef6c09b344fdae4.jpg,hv_kaggle,supervised,D3,DAY,0,train,hv_kaggle
train/0/D3_748_dd99a561d7fb4e8f8aeeca1b3c62957f.jpg,hv_kaggle,supervised,D3,DAY,0,val,hv_kaggle
train/0/D3_749_f6926bb99147427982cb4cd0c8fe4349.jpg,hv_kaggle,supervised,D3,DAY,0,train,hv_kaggle
train/0/D3_750_3f07ccab1a96413a88f7a36e69cddffd.jpg,hv_kaggle,supervised,D3,DAY,0,train,hv_kaggle
train/0/D3_752_0e86049070a547ebb9d5ca1688ef79ca.jpg,hv_kaggle,supervised,D3,DAY,0,train,hv_kaggle
train/0/D3_753_989cd9114e9b45c78a07cfa47ba84a33.jpg,hv_kaggle,supervised,D3,DAY,0,train,hv_kaggle
train/0/D3_754_ef80afb47b2a4820b8579855ececa777.jpg,hv_kaggle,supervised,D3,DAY,0,train,hv_kaggle
train/0/D3_757_817a0715e9b545a285750ba7245dbffb.jpg,hv_kaggle,supervised,D3,DAY,0,train,hv_kaggle
train/0/D3_758_a3582e1ec6cc4d519ccc677d10828ddf.jpg,hv_kaggle,supervised,D3,DAY,0,train,hv_kaggle
train/0/D3_760_ec4b4816f00a43a79f62357d7e3f2336.jpg,hv_kaggle,supervised,D3,DAY,0,val,hv_kaggle
train/0/D3_763_6a62608ffd0749468960cb273353e0c6.jpg,hv_kaggle,supervised,D3,DAY,0,train,hv_kaggle
train/0/D3_764_f11d87d63c534cd6b15f67128ba79690.jpg,hv_kaggle,supervised,D3,DAY,0,train,hv_kaggle
train/0/D3_766_50db1ae822904b1688a8935494b52d18.jpg,hv_kaggle,supervised,D3,DAY,0,train,hv_kaggle
train/0/D3_768_baf3235907314d81b76df47e9ee352ba.jpg,hv_kaggle,supervised,D3,DAY,0,val,hv_kaggle
train/0/D3_769_9e861616ea1f40f7ac672704e2d141bc.jpg,hv_kaggle,supervised,D3,DAY,0,train,hv_kaggle
train/0/D3_770_b2f8134833de4abe9afcc318438827d1.jpg,hv_kaggle,supervised,D3,DAY,0,train,hv_kaggle
train/0/D3_773_440cb0422f344e42b0146f40e7e9c824.jpg,hv_kaggle,supervised,D3,DAY,0,train,hv_kaggle
train/0/D3_774_e948c8703c9144f699a03087372a4f6c.jpg,hv_kaggle,supervised,D3,DAY,0,train,hv_kaggle
train/0/D3_775_7ec0186aa80f4377ab58ad4345ba2df5.jpg,hv_kaggle,supervised,D3,DAY,0,train,hv_kaggle
train/0/D3_776_3a53b411afee4e708048718d04c23636.jpg,hv_kaggle,supervised,D3,DAY,0,train,hv_kaggle
train/0/D3_779_5f93ab913bb3474985bd1e0f86066416.jpg,hv_kaggle,supervised,D3,DAY,0,train,hv_kaggle
train/0/D3_781_bc8f4895c60a4eb2a5c280ac3e1b583e.jpg,hv_kaggle,supervised,D3,DAY,0,train,hv_kaggle
train/0/D3_782_a94e85d041fd4e4a9f30ea1edfdc01c7.jpg,hv_kaggle,supervised,D3,DAY,0,train,hv_kaggle
train/0/D3_786_54a56294032a4f178a28915c11b5f49e.jpg,hv_kaggle,supervised,D3,DAY,0,train,hv_kaggle
train/0/D3_789_fa095dd0baeb4ed9bf7a1619e17a6f45.jpg,hv_kaggle,supervised,D3,DAY,0,train,hv_kaggle
train/0/D3_790_91f4c7e95121441dacd1e65bcf6073b5.jpg,hv_kaggle,supervised,D3,DAY,0,train,hv_kaggle
train/0/D3_792_ffeae169a9c8401f9d47e880815e9e56.jpg,hv_kaggle,supervised,D3,DAY,0,train,hv_kaggle
train/0/D3_793_4c5537cd4d3446daa05aae16cf74bb75.jpg,hv_kaggle,supervised,D3,DAY,0,val,hv_kaggle
train/0/D3_795_50fdf304276441c699c8c5881174c9f0.jpg,hv_kaggle,supervised,D3,DAY,0,train,hv_kaggle
train/0/D3_798_4dcd720bec43472faff795d07c38f49c.jpg,hv_kaggle,supervised,D3,DAY,0,train,hv_kaggle
train/0/D3_800_abfd8c480da248c5aad5d5127dd2750b.jpg,hv_kaggle,supervised,D3,DAY,0,train,hv_kaggle
train/0/D5_005_b40773d276a7470dab561991c388a731.jpg,hv_kaggle,supervised,D5,DAY,0,train,hv_kaggle
train/0/D5_007_77c8b8ec93ac4408a24f8604f744198b.jpg,hv_kaggle,supervised,D5,DAY,0,train,hv_kaggle
train/0/D5_009_e0dfe2ae7db14446867844c8356d64f4.jpg,hv_kaggle,supervised,D5,DAY,0,train,hv_kaggle
train/0/D5_012_c7caece92552437c96cc77c3f64ceab1.jpg,hv_kaggle,supervised,D5,DAY,0,train,hv_kaggle
train/0/D5_013_1cae92362309455b8d63e2e5db4d0170.jpg,hv_kaggle,supervised,D5,DAY,0,val,hv_kaggle
train/0/D5_014_03320d71290649279a1ffcb885b1f5f4.jpg,hv_kaggle,supervised,D5,DAY,0,train,hv_kaggle
train/0/D5_015_2170b0e2a13b4b6a8b9dcc7d8ab95539.jpg,hv_kaggle,supervised,D5,DAY,0,train,hv_kaggle
train/0/D5_018_ed15d4355f74485b82a1bf27d207da1b.jpg,hv_kaggle,supervised,D5,DAY,0,train,hv_kaggle
train/0/D5_021_0461eaf3366a4dc3aaffe626b251f8b3.jpg,hv_kaggle,supervised,D5,DAY,0,train,hv_kaggle
train/0/D5_022_192aa814b94e4c1db7883a1aa86817bd.jpg,hv_kaggle,supervised,D5,DAY,0,train,hv_kaggle
train/0/D5_024_7a6e561ead0d41bd931ac05960957acc.jpg,hv_kaggle,supervised,D5,DAY,0,train,hv_kaggle
train/0/D5_028_a4909b7e883948d7b04171b2076df091.jpg,hv_kaggle,supervised,D5,DAY,0,train,hv_kaggle
train/0/D5_029_b7ccb81e6e0a43c784c9dd22dc0d3a8d.jpg,hv_kaggle,supervised,D5,DAY,0,train,hv_kaggle
train/0/D5_030_db8afad2ad66460cbda6857c6272bbbe.jpg,hv_kaggle,supervised,D5,DAY,0,train,hv_kaggle
train/0/D5_036_cb410f5f9d3b4996875c9db9f07fb0db.jpg,hv_kaggle,supervised,D5,DAY,0,val,hv_kaggle
train/0/D5_038_b6d6c1e4c5114c228da8e4a43d40bb7e.jpg,hv_kaggle,supervised,D5,DAY,0,train,hv_kaggle
train/0/D5_039_bc14403c02e84de789d2f14aa2bf830b.jpg,hv_kaggle,supervised,D5,DAY,0,train,hv_kaggle
train/0/D5_041_382a1d6ef4d14802bb5eb56125bec6a8.jpg,hv_kaggle,supervised,D5,DAY,0,train,hv_kaggle
train/0/D5_045_00d753c9c45249c79645a06a9ac22387.jpg,hv_kaggle,supervised,D5,DAY,0,train,hv_kaggle
train/0/D5_049_6d29f3a572b44e7c9f907b04ee203bf8.jpg,hv_kaggle,supervised,D5,DAY,0,train,hv_kaggle
train/0/D5_051_35ee3f612de9466380a7b290c9062a0c.jpg,hv_kaggle,supervised,D5,DAY,0,train,hv_kaggle
train/0/D5_053_69ad8fd2cefe410b84e54e1c80a0562f.jpg,hv_kaggle,supervised,D5,DAY,0,train,hv_kaggle
train/0/D5_054_3ab7d86b67234786833610b361c65a94.jpg,hv_kaggle,supervised,D5,DAY,0,train,hv_kaggle
train/0/D5_055_c25644902c2f43c39238f1ecd3a40727.jpg,hv_kaggle,supervised,D5,DAY,0,val,hv_kaggle
train/0/D5_059_b634ae116c4a4a57a661569331b24ef5.jpg,hv_kaggle,supervised,D5,DAY,0,val,hv_kaggle
train/0/D5_060_812f021815a3473ab206b4f91e7561f0.jpg,hv_kaggle,supervised,D5,DAY,0,train,hv_kaggle
train/0/D5_062_130aac30f5f34fbfb54724a5bb946f6b.jpg,hv_kaggle,supervised,D5,DAY,0,train,hv_kaggle
train/0/D5_063_a7d257b5e95448ba9506ae3f0bb39f63.jpg,hv_kaggle,supervised,D5,DAY,0,val,hv_kaggle
train/0/D5_065_4ff36f11e2d34e8a995ae282b617bbb3.jpg,hv_kaggle,supervised,D5,DAY,0,val,hv_kaggle
train/0/D5_066_0a99734ac77d41c2a42e71f6ad240c99.jpg,hv_kaggle,supervised,D5,DAY,0,train,hv_kaggle
train/0/D5_068_52bcdfc479f347f18289e5ea45e540a7.jpg,hv_kaggle,supervised,D5,DAY,0,val,hv_kaggle
train/0/D5_069_a2537c8ceb39450bb6dd49a11a3895e1.jpg,hv_kaggle,supervised,D5,DAY,0,train,hv_kaggle
train/0/D5_070_7b9af6e8a83a438eaf031b343f5739ee.jpg,hv_kaggle,supervised,D5,DAY,0,train,hv_kaggle
train/0/D5_084_62e32de5f4f64aa5bdd8e3f44754c0ae.jpg,hv_kaggle,supervised,D5,DAY,0,train,hv_kaggle
train/0/D5_086_4071b923bca645a7a6c22004db23a953.jpg,hv_kaggle,supervised,D5,DAY,0,train,hv_kaggle
train/0/D5_087_1f929a117aad454abbcb6169ba4098fe.jpg,hv_kaggle,supervised,D5,DAY,0,val,hv_kaggle
train/0/D5_088_c41b9c51bb9742189f9328b59b82ea3f.jpg,hv_kaggle,supervised,D5,DAY,0,train,hv_kaggle
train/0/D5_089_c15a63f7c59d4176922a7437fc1f84fa.jpg,hv_kaggle,supervised,D5,DAY,0,train,hv_kaggle
train/0/D5_093_17a2a9e9b5ad427db70f67cbe57ae7ee.jpg,hv_kaggle,supervised,D5,DAY,0,train,hv_kaggle
train/0/D5_096_7b06a9318b0f41f5975980e6747b4bc2.jpg,hv_kaggle,supervised,D5,DAY,0,train,hv_kaggle
train/0/D5_097_6dffd1be65724eb49c76007b365fa98b.jpg,hv_kaggle,supervised,D5,DAY,0,train,hv_kaggle
train/0/D5_107_bffc9a1b3f8e487a8cdbd1c511697b25.jpg,hv_kaggle,supervised,D5,DAY,0,train,hv_kaggle
train/0/D5_110_4000fa0a3bc74f708a5e2d4ca1f7d9c9.jpg,hv_kaggle,supervised,D5,DAY,0,train,hv_kaggle
train/0/D5_122_c08085ed2b1e45a8981aa310aaba0046.jpg,hv_kaggle,supervised,D5,DAY,0,val,hv_kaggle
train/0/D5_123_e93a5f166f4f45baaa06d68e8affca41.jpg,hv_kaggle,supervised,D5,DAY,0,val,hv_kaggle
train/0/D5_124_35d20417a3c24954a6fd39f3be0a0831.jpg,hv_kaggle,supervised,D5,DAY,0,val,hv_kaggle
train/0/D5_126_e30ff6f6066140979fc9d91527d4b9c4.jpg,hv_kaggle,supervised,D5,DAY,0,train,hv_kaggle
train/0/D5_128_10fa84dce8f54d35a14b19ca40490a7c.jpg,hv_kaggle,supervised,D5,DAY,0,train,hv_kaggle
train/0/D5_129_3021d3911a0a4de8b9f2bf545e9a1643.jpg,hv_kaggle,supervised,D5,DAY,0,train,hv_kaggle
train/0/D5_130_957e248d9e0f4a2c819001b67ffd7c7f.jpg,hv_kaggle,supervised,D5,DAY,0,train,hv_kaggle
train/0/D5_134_e8577744e93e4026abad38339959d007.jpg,hv_kaggle,supervised,D5,DAY,0,train,hv_kaggle
train/0/D5_135_790ac958fe24400f8e0553011ba68915.jpg,hv_kaggle,supervised,D5,DAY,0,train,hv_kaggle
train/0/D5_140_36c282b765494d549ca5a684fec4e8f7.jpg,hv_kaggle,supervised,D5,DAY,0,val,hv_kaggle
train/0/D5_147_de421b0cdf22450db4d7ea1feaa975c9.jpg,hv_kaggle,supervised,D5,DAY,0,val,hv_kaggle
train/0/D5_150_773702a0a4794b60af7a12e9037c6861.jpg,hv_kaggle,supervised,D5,DAY,0,train,hv_kaggle
train/0/D5_152_922f62017336481d88932ac4a90a4de1.jpg,hv_kaggle,supervised,D5,DAY,0,train,hv_kaggle
train/0/D5_161_572857a94d704b00bb19b55f364cfc85.jpg,hv_kaggle,supervised,D5,DAY,0,train,hv_kaggle
train/0/D5_162_b4c406ef1d85435c8569354284cd1da1.jpg,hv_kaggle,supervised,D5,DAY,0,train,hv_kaggle
train/0/D5_163_e2b3eb5ca15b429c9ac298a0252ee1cb.jpg,hv_kaggle,supervised,D5,DAY,0,train,hv_kaggle
train/0/D5_164_f66a9dfcc3704a38ad9f58c17f81bd4b.jpg,hv_kaggle,supervised,D5,DAY,0,train,hv_kaggle
train/0/D5_167_8efdfb4827024b18902df88c5df11653.jpg,hv_kaggle,supervised,D5,DAY,0,val,hv_kaggle
train/0/D5_168_ae0f54b12ed64c97a742a6ac1d2c3d4f.jpg,hv_kaggle,supervised,D5,DAY,0,train,hv_kaggle
train/0/D5_171_293b9d572e1047ad9733a15df401c3e2.jpg,hv_kaggle,supervised,D5,DAY,0,train,hv_kaggle
train/0/D5_179_7759ff16c34e41d6bc3a9b759a2f687a.jpg,hv_kaggle,supervised,D5,DAY,0,train,hv_kaggle
train/0/D5_183_05fa0da2c569453fa401fe2fc5b77793.jpg,hv_kaggle,supervised,D5,DAY,0,train,hv_kaggle
train/0/D5_184_06f009221dd6469388ec31fdd6101194.jpg,hv_kaggle,supervised,D5,DAY,0,train,hv_kaggle
train/0/D5_186_6724b9b5cd7849929a4a46caa4fadc8a.jpg,hv_kaggle,supervised,D5,DAY,0,train,hv_kaggle
train/0/D5_187_0c07ab71d0324f4ba2832c3886b8c38d.jpg,hv_kaggle,supervised,D5,DAY,0,train,hv_kaggle
train/0/D5_188_920f085696334e429c915f62d3c023e3.jpg,hv_kaggle,supervised,D5,DAY,0,train,hv_kaggle
train/0/D5_190_076f6a89f3d5476daf70fde6cb639995.jpg,hv_kaggle,supervised,D5,DAY,0,train,hv_kaggle
train/0/D5_191_10738eb75e5a48518dd77b4a2ace8b3e.jpg,hv_kaggle,supervised,D5,DAY,0,train,hv_kaggle
train/0/D5_192_5312fd0f53634fffb53fa37a1c1b9d0d.jpg,hv_kaggle,supervised,D5,DAY,0,val,hv_kaggle
train/0/D5_195_bc2c59e0cf9a477492ca09f142e186dc.jpg,hv_kaggle,supervised,D5,DAY,0,train,hv_kaggle
train/0/D5_196_5a2050468fc94b7ea5231bf07482b01c.jpg,hv_kaggle,supervised,D5,DAY,0,val,hv_kaggle
train/0/D5_198_bcfe11d810694dacb2f09ac1b2360404.jpg,hv_kaggle,supervised,D5,DAY,0,train,hv_kaggle
train/0/D5_199_b1141ce918114cfb9e4ae18a59c4a228.jpg,hv_kaggle,supervised,D5,DAY,0,train,hv_kaggle
train/0/D5_200_3b2305da0fe246f4841966aa5d879755.jpg,hv_kaggle,supervised,D5,DAY,0,train,hv_kaggle
train/0/D5_205_37825cd678fd4c13b3e3bc7989dc4ed9.jpg,hv_kaggle,supervised,D5,DAY,0,val,hv_kaggle
train/0/D5_212_ddbf62eb001d4c628b713d9ce8168248.jpg,hv_kaggle,supervised,D5,DAY,0,train,hv_kaggle
train/0/D5_213_3ed63da0876148a69e23e33c22207d86.jpg,hv_kaggle,supervised,D5,DAY,0,val,hv_kaggle
train/0/D5_214_6cbb69e23be046019576c5f45b235149.jpg,hv_kaggle,supervised,D5,DAY,0,train,hv_kaggle
train/0/D5_222_7f242a5b81a94802ba4d3269fc249917.jpg,hv_kaggle,supervised,D5,DAY,0,train,hv_kaggle
train/0/D5_230_55d64ea9534b47829ba8a5ba07ebcd78.jpg,hv_kaggle,supervised,D5,DAY,0,train,hv_kaggle
train/0/D5_231_e40a7d51b2c84ca2a1e0d753ad2cc28f.jpg,hv_kaggle,supervised,D5,DAY,0,train,hv_kaggle
train/0/D5_235_f7e5a74a26734a1eb29b66ea0b48b938.jpg,hv_kaggle,supervised,D5,DAY,0,train,hv_kaggle
train/0/D5_239_210a8c9a462c4205955f24f528ab8eb3.jpg,hv_kaggle,supervised,D5,DAY,0,train,hv_kaggle
train/0/D5_241_85517226fe614ec19fccc79be79cf65d.jpg,hv_kaggle,supervised,D5,DAY,0,train,hv_kaggle
train/0/D5_244_27e364f8fac54a048b2c0117cd4a42e5.jpg,hv_kaggle,supervised,D5,DAY,0,train,hv_kaggle
train/0/D5_245_02ad3e8b21e648998856f1b3ca510426.jpg,hv_kaggle,supervised,D5,DAY,0,train,hv_kaggle
train/0/D5_246_db4d917f3aca4374a0897d29b9f8da02.jpg,hv_kaggle,supervised,D5,DAY,0,train,hv_kaggle
train/0/D5_250_d9bd8ba5a05342d9bf51f5954de53e4f.jpg,hv_kaggle,supervised,D5,DAY,0,train,hv_kaggle
train/0/D5_252_95179ea121764e7ba56a0346ebc0b142.jpg,hv_kaggle,supervised,D5,DAY,0,train,hv_kaggle
train/0/D5_253_c0cf48f93d274cf39968a6e5d0a22142.jpg,hv_kaggle,supervised,D5,DAY,0,train,hv_kaggle
train/0/D5_258_d655862b1bd645a9abc496c95045818a.jpg,hv_kaggle,supervised,D5,DAY,0,train,hv_kaggle
train/0/D5_261_3b690d149cde4082b6d7c7eea98dc691.jpg,hv_kaggle,supervised,D5,DAY,0,train,hv_kaggle
train/0/D5_264_3f36435e0a484fd4b80945a9c0f8157e.jpg,hv_kaggle,supervised,D5,DAY,0,val,hv_kaggle
train/0/D5_265_cd8cd8a6bd4e4cd3b7291321ff091590.jpg,hv_kaggle,supervised,D5,DAY,0,train,hv_kaggle
train/0/D5_266_655148e815a54e2483f52b21d55ef746.jpg,hv_kaggle,supervised,D5,DAY,0,train,hv_kaggle
train/0/D5_270_27e4a9a9dcbd40f58904eb1428745b1b.jpg,hv_kaggle,supervised,D5,DAY,0,train,hv_kaggle
train/0/D5_271_222530cde5364097be085d1164bbc1cd.jpg,hv_kaggle,supervised,D5,DAY,0,train,hv_kaggle
train/0/D5_273_3c8b808b184e456daf0ce6446faa3143.jpg,hv_kaggle,supervised,D5,DAY,0,train,hv_kaggle
train/0/D5_280_8331d2eb001a4cb8b7bc265b4119bee6.jpg,hv_kaggle,supervised,D5,DAY,0,train,hv_kaggle
train/0/D5_284_101b8a3b241c41cf8038838cf7dbd92d.jpg,hv_kaggle,supervised,D5,DAY,0,val,hv_kaggle
train/0/D5_291_d03c66ec880646aabd4088185ad5de16.jpg,hv_kaggle,supervised,D5,DAY,0,train,hv_kaggle
train/0/D5_292_c5a3bf013a9f498288d399744b3ebc94.jpg,hv_kaggle,supervised,D5,DAY,0,train,hv_kaggle
train/0/D5_296_1a8baf7a33a9462aaa9ec88785d85d4e.jpg,hv_kaggle,supervised,D5,DAY,0,train,hv_kaggle
train/0/D5_297_a91903675ff948ed85d259a14d459d2e.jpg,hv_kaggle,supervised,D5,DAY,0,train,hv_kaggle
train/0/D5_301_cbf9b1af4f6342a7afe195063f5ecd5d.jpg,hv_kaggle,supervised,D5,DAY,0,train,hv_kaggle
train/0/D5_308_05932ea715234b76b77adeca0cea98b3.jpg,hv_kaggle,supervised,D5,DAY,0,train,hv_kaggle
train/0/D5_309_d57f0df25cbb4907858a123f8b315d68.jpg,hv_kaggle,supervised,D5,DAY,0,train,hv_kaggle
train/0/D5_310_731723f7e0ea42269b9f9e4ed3195a78.jpg,hv_kaggle,supervised,D5,DAY,0,val,hv_kaggle
train/0/D5_311_4d845027338c4618adf29b177b2dc18c.jpg,hv_kaggle,supervised,D5,DAY,0,train,hv_kaggle
train/0/D5_312_50b9d583434b4c6b8a6185ecc219fdd2.jpg,hv_kaggle,supervised,D5,DAY,0,train,hv_kaggle
train/0/D5_313_70c9466bd81e42ee91111242bd84228d.jpg,hv_kaggle,supervised,D5,DAY,0,train,hv_kaggle
train/0/D5_316_50cada1461ee4a05ab966dc00da71001.jpg,hv_kaggle,supervised,D5,DAY,0,train,hv_kaggle
train/0/D5_318_2760d4f6e2d944d78e4840da5c8d5a96.jpg,hv_kaggle,supervised,D5,DAY,0,train,hv_kaggle
train/0/D5_319_977bd18613584f34b076ccc60c21e923.jpg,hv_kaggle,supervised,D5,DAY,0,train,hv_kaggle
train/0/D5_320_cad94f95bfbf48699ec7993caa3b86c3.jpg,hv_kaggle,supervised,D5,DAY,0,train,hv_kaggle
train/0/D5_323_37d732dc6eaf4a9084c894062e55db31.jpg,hv_kaggle,supervised,D5,DAY,0,train,hv_kaggle
train/0/D5_326_46c1b720f35747c08206e24ce6ee489a.jpg,hv_kaggle,supervised,D5,DAY,0,train,hv_kaggle
train/0/D5_329_0915e843b4f746388514d1fb53f16c60.jpg,hv_kaggle,supervised,D5,DAY,0,train,hv_kaggle
train/0/D5_333_af77a1916fb046b097fb7953789f768f.jpg,hv_kaggle,supervised,D5,DAY,0,train,hv_kaggle
train/0/D5_334_042797047e2b435e8aabb16eeff7ed10.jpg,hv_kaggle,supervised,D5,DAY,0,train,hv_kaggle
train/0/D5_338_7a76397fdded4209890e11e52e32d9ff.jpg,hv_kaggle,supervised,D5,DAY,0,train,hv_kaggle
train/0/D5_352_085d6d780eca43d0bd99c323b2e08b1c.jpg,hv_kaggle,supervised,D5,DAY,0,train,hv_kaggle
train/0/D5_355_1f24c7b741674670ab42ede114aeb138.jpg,hv_kaggle,supervised,D5,DAY,0,train,hv_kaggle
train/0/D5_357_be7b87d901224b46b9ac3da6ee086c95.jpg,hv_kaggle,supervised,D5,DAY,0,train,hv_kaggle
train/0/D5_358_12ee1bafcc0d423c98e63e99c4fe3a9c.jpg,hv_kaggle,supervised,D5,DAY,0,val,hv_kaggle
train/0/D5_359_defb835eb6e940a8a2b56fc1a4bf04c4.jpg,hv_kaggle,supervised,D5,DAY,0,train,hv_kaggle
train/0/D5_360_3633c31e652a4d5d9e9cc7088bc7b036.jpg,hv_kaggle,supervised,D5,DAY,0,train,hv_kaggle
train/0/D5_363_ef04b86b2fba41aa86b74a3d20edb00f.jpg,hv_kaggle,supervised,D5,DAY,0,train,hv_kaggle
train/0/D5_364_60d15352849b411a818430adc6b36a34.jpg,hv_kaggle,supervised,D5,DAY,0,train,hv_kaggle
train/0/D5_365_3bc3efd18d7849c39e58473a1c3e6bdb.jpg,hv_kaggle,supervised,D5,DAY,0,train,hv_kaggle
train/0/D5_372_2b8c32cbad604edd94c1b0c661c42733.jpg,hv_kaggle,supervised,D5,DAY,0,val,hv_kaggle
train/0/D5_373_4ba4505ac5724417be580ce9e88fb7bd.jpg,hv_kaggle,supervised,D5,DAY,0,train,hv_kaggle
train/0/D5_378_e3e27cc45aad47d5a1401f1a78039f44.jpg,hv_kaggle,supervised,D5,DAY,0,train,hv_kaggle
train/0/D5_384_4abb12e3b9714ba6adcbe3e8629139d1.jpg,hv_kaggle,supervised,D5,DAY,0,val,hv_kaggle
train/0/D5_385_62a56c1c94bc45ebb2ca18c2b3cf4689.jpg,hv_kaggle,supervised,D5,DAY,0,train,hv_kaggle
train/0/D5_393_52e0bc4ed3054be49e8d04ce9ec681f1.jpg,hv_kaggle,supervised,D5,DAY,0,train,hv_kaggle
train/0/D5_394_3d21fc4f1598448592dd30cb3df168b3.jpg,hv_kaggle,supervised,D5,DAY,0,val,hv_kaggle
train/0/D5_398_abc54c79901e4ce1b3b84df75fb73d6b.jpg,hv_kaggle,supervised,D5,DAY,0,train,hv_kaggle
train/0/D5_400_034405f2fa9c4254bec810c4b8fd1e90.jpg,hv_kaggle,supervised,D5,DAY,0,train,hv_kaggle
train/1/D3_053_c11e15ec71e04a618dcea11bd93902da.jpg,hv_kaggle,supervised,D3,DAY,1,train,hv_kaggle
train/1/D3_113_1cbe74e3fc9d42b8912d3b46a76b8eb1.jpg,hv_kaggle,supervised,D3,DAY,1,train,hv_kaggle
train/1/D3_147_577e1f3811564cf58e37cf6f5f837879.jpg,hv_kaggle,supervised,D3,DAY,1,train,hv_kaggle
train/1/D3_186_2cee6c5ad1144e00963dd97139f16e5c.jpg,hv_kaggle,supervised,D3,DAY,1,train,hv_kaggle
train/1/D3_238_a59dcc991c514875b7649931dfc2799e.jpg,hv_kaggle,supervised,D3,DAY,1,train,hv_kaggle
train/1/D3_364_47013146c2dd46e2be2c46fcebd6eee4.jpg,hv_kaggle,supervised,D3,DAY,1,train,hv_kaggle
train/1/D3_371_b0702e4ffdec457e98029822cb14e3b4.jpg,hv_kaggle,supervised,D3,DAY,1,train,hv_kaggle
train/1/D3_372_2a14bfa487bc489c9871ce6539cddb8c.jpg,hv_kaggle,supervised,D3,DAY,1,train,hv_kaggle
train/1/D3_462_ec06347fc0404623b4b48f32516dd944.jpg,hv_kaggle,supervised,D3,DAY,1,val,hv_kaggle
train/1/D3_478_c6592b623f974948924b37efde098fb9.jpg,hv_kaggle,supervised,D3,DAY,1,train,hv_kaggle
train/1/D3_481_f245ec2f7fe94b6abf3a217a0b130a70.jpg,hv_kaggle,supervised,D3,DAY,1,train,hv_kaggle
train/1/D3_485_8ee64e11fa244e29810fc08e27c524a0.jpg,hv_kaggle,supervised,D3,DAY,1,val,hv_kaggle
train/1/D3_618_5bc70eba4ecb42dbbe43b2e1ef24988b.jpg,hv_kaggle,supervised,D3,DAY,1,train,hv_kaggle
train/1/D3_619_6ec84929b3984f2dadf5aecb894f5b41.jpg,hv_kaggle,supervised,D3,DAY,1,train,hv_kaggle
train/1/D3_625_a3c8296e13234e15ab3c0278bc21ac5f.jpg,hv_kaggle,supervised,D3,DAY,1,train,hv_kaggle
train/1/D3_652_5eaee0c1dded4067b236c9bcf1f7b7eb.jpg,hv_kaggle,supervised,D3,DAY,1,val,hv_kaggle
train/1/D3_771_47ed655b9839493fa0286a3ab69370e3.jpg,hv_kaggle,supervised,D3,DAY,1,train,hv_kaggle
train/1/D5_002_8191944f5fb74a43bd9ac91982482837.jpg,hv_kaggle,supervised,D5,DAY,1,train,hv_kaggle
train/1/D5_003_79a2059a68f94efda904dc8c698990db.jpg,hv_kaggle,supervised,D5,DAY,1,train,hv_kaggle
train/1/D5_011_4436558e94a947c49517051198cc0160.jpg,hv_kaggle,supervised,D5,DAY,1,train,hv_kaggle
train/1/D5_027_2edefe1b5ad44dfd96b76c550541c542.jpg,hv_kaggle,supervised,D5,DAY,1,train,hv_kaggle
train/1/D5_035_61b08f312de14f9f9f4fe28ef3a57595.jpg,hv_kaggle,supervised,D5,DAY,1,train,hv_kaggle
train/1/D5_037_a223d00b501641e4ae2d29f7535a353f.jpg,hv_kaggle,supervised,D5,DAY,1,val,hv_kaggle
train/1/D5_042_71ca11a540fb4db79383d058b42599f9.jpg,hv_kaggle,supervised,D5,DAY,1,train,hv_kaggle
train/1/D5_044_84af84626272453b8d2d886bd0c3ae5b.jpg,hv_kaggle,supervised,D5,DAY,1,val,hv_kaggle
train/1/D5_048_c6b36f9d5a3f407db8f95dfaa147763f.jpg,hv_kaggle,supervised,D5,DAY,1,train,hv_kaggle
train/1/D5_050_33a82fd4363c4095b48c0c00f24cfbd1.jpg,hv_kaggle,supervised,D5,DAY,1,train,hv_kaggle
train/1/D5_072_2a9c75c434b944119069103f905e35b9.jpg,hv_kaggle,supervised,D5,DAY,1,val,hv_kaggle
train/1/D5_075_19d8ed052bb7451f8bfc1f6fe5c8d11b.jpg,hv_kaggle,supervised,D5,DAY,1,train,hv_kaggle
train/1/D5_081_39d480dbaa75428cac141fc403ed3271.jpg,hv_kaggle,supervised,D5,DAY,1,train,hv_kaggle
train/1/D5_090_06a9fa66aeaf4617bb39d7fd71c16696.jpg,hv_kaggle,supervised,D5,DAY,1,train,hv_kaggle
train/1/D5_092_1f2ff9b8576240618705fe08d64057cb.jpg,hv_kaggle,supervised,D5,DAY,1,train,hv_kaggle
train/1/D5_099_bc8a11cc7bdb4631a7211a8d0e71ac31.jpg,hv_kaggle,supervised,D5,DAY,1,train,hv_kaggle
train/1/D5_100_f083192e342c445499be0f0074457f2d.jpg,hv_kaggle,supervised,D5,DAY,1,train,hv_kaggle
train/1/D5_103_b2287d241b1448d890f322dd9a284015.jpg,hv_kaggle,supervised,D5,DAY,1,train,hv_kaggle
train/1/D5_113_b93c53ca44394e9eba13ba08664ca28c.jpg,hv_kaggle,supervised,D5,DAY,1,train,hv_kaggle
train/1/D5_120_8c8e0521889b4f0aa0d1f5b530bfe64a.jpg,hv_kaggle,supervised,D5,DAY,1,train,hv_kaggle
train/1/D5_131_7234e0bf18bd4e4d9637f9aa0886e23c.jpg,hv_kaggle,supervised,D5,DAY,1,train,hv_kaggle
train/1/D5_136_81728afa30c14fac8755a3392627c76b.jpg,hv_kaggle,supervised,D5,DAY,1,train,hv_kaggle
train/1/D5_139_af0f404519af43f49b7a7b7b2219eeb5.jpg,hv_kaggle,supervised,D5,DAY,1,train,hv_kaggle
train/1/D5_143_2e9aac9c8a9e47f687c2a7f6936a41a6.jpg,hv_kaggle,supervised,D5,DAY,1,train,hv_kaggle
train/1/D5_145_beb9fd13309340a1922b43cd00d6c8a0.jpg,hv_kaggle,supervised,D5,DAY,1,train,hv_kaggle
train/1/D5_146_d3c3f5a6dec1469cb0b9627940979821.jpg,hv_kaggle,supervised,D5,DAY,1,train,hv_kaggle
train/1/D5_148_9be31d850cb047a4b9a5b3c035168eb4.jpg,hv_kaggle,supervised,D5,DAY,1,train,hv_kaggle
train/1/D5_155_bdfe57413f1e44c4b943282913757464.jpg,hv_kaggle,supervised,D5,DAY,1,train,hv_kaggle
train/1/D5_156_b483a99d11be4f5389445cbe53d0670f.jpg,hv_kaggle,supervised,D5,DAY,1,train,hv_kaggle
train/1/D5_169_fc5a8e3444c84000969fde3a9734db63.jpg,hv_kaggle,supervised,D5,DAY,1,train,hv_kaggle
train/1/D5_170_0e0d3afe99444d5191e25a8ff79a0ced.jpg,hv_kaggle,supervised,D5,DAY,1,train,hv_kaggle
train/1/D5_175_add20ddac0924f49a7f22f28344fac8a.jpg,hv_kaggle,supervised,D5,DAY,1,train,hv_kaggle
train/1/D5_176_80d79b9bc676435b9ac7c8a404d468df.jpg,hv_kaggle,supervised,D5,DAY,1,train,hv_kaggle
train/1/D5_185_32cbdb6824c343adbfad97f0e2a0f6c7.jpg,hv_kaggle,supervised,D5,DAY,1,train,hv_kaggle
train/1/D5_193_b049441031fa4e3d9c95fc9ae2e489a1.jpg,hv_kaggle,supervised,D5,DAY,1,val,hv_kaggle
train/1/D5_201_5053f51ae8e94ba5b08fdbd4d0efc83e.jpg,hv_kaggle,supervised,D5,DAY,1,val,hv_kaggle
train/1/D5_202_6e5322535e3a4d4fbedf604d52e48634.jpg,hv_kaggle,supervised,D5,DAY,1,train,hv_kaggle
train/1/D5_206_5fbde24824e04fd39bbb018c9fa0ab14.jpg,hv_kaggle,supervised,D5,DAY,1,train,hv_kaggle
train/1/D5_207_e17ebe6ba26c4ec99757ce1693f8f96e.jpg,hv_kaggle,supervised,D5,DAY,1,train,hv_kaggle
train/1/D5_217_e6166a8f1d7c4c8b86bb11f9c29c5f17.jpg,hv_kaggle,supervised,D5,DAY,1,train,hv_kaggle
train/1/D5_219_2da4db04069a4581943eba7c35d8a972.jpg,hv_kaggle,supervised,D5,DAY,1,train,hv_kaggle
train/1/D5_225_640ac294275640ec89d9862cf9f3c112.jpg,hv_kaggle,supervised,D5,DAY,1,train,hv_kaggle
train/1/D5_227_9c642b5b646545e5956e5fa9cce40915.jpg,hv_kaggle,supervised,D5,DAY,1,train,hv_kaggle
train/1/D5_229_b76c63aefe354ede8ec21d1eee8c6164.jpg,hv_kaggle,supervised,D5,DAY,1,train,hv_kaggle
train/1/D5_237_1c9131638d3e47dfb7fcece8557e5be4.jpg,hv_kaggle,supervised,D5,DAY,1,train,hv_kaggle
train/1/D5_242_929bd992b2e04ef9a8a61d57492ba50e.jpg,hv_kaggle,supervised,D5,DAY,1,train,hv_kaggle
train/1/D5_257_075ded54967a412db36d9d66da7bd087.jpg,hv_kaggle,supervised,D5,DAY,1,train,hv_kaggle
train/1/D5_259_acf9bfa4e5124baf9de8c3f5071e2f10.jpg,hv_kaggle,supervised,D5,DAY,1,train,hv_kaggle
train/1/D5_268_f2628a4120eb4f8f90fdcc218dcd50fd.jpg,hv_kaggle,supervised,D5,DAY,1,train,hv_kaggle
train/1/D5_276_9a4b0ac7a0f64f6491e79ec4efc39b0a.jpg,hv_kaggle,supervised,D5,DAY,1,train,hv_kaggle
train/1/D5_278_5183a24124294e8090d23c2024ec78cf.jpg,hv_kaggle,supervised,D5,DAY,1,train,hv_kaggle
train/1/D5_283_9ee3a3f135f74b278313185f06212dd2.jpg,hv_kaggle,supervised,D5,DAY,1,val,hv_kaggle
train/1/D5_285_757e5809634d429e912eebe4e9e2a820.jpg,hv_kaggle,supervised,D5,DAY,1,train,hv_kaggle
train/1/D5_288_3f4bdc4470f34501a7f445f4e26b445d.jpg,hv_kaggle,supervised,D5,DAY,1,val,hv_kaggle
train/1/D5_289_3476841ac4c647cd93986f5159eecddf.jpg,hv_kaggle,supervised,D5,DAY,1,train,hv_kaggle
train/1/D5_300_87f672800f16422aa2e6383bbe1cb9ef.jpg,hv_kaggle,supervised,D5,DAY,1,train,hv_kaggle
train/1/D5_303_7d5a0c7e25474435a24b21ff00553f06.jpg,hv_kaggle,supervised,D5,DAY,1,train,hv_kaggle
train/1/D5_304_522f7a7479344fd684a39dfd711bacd4.jpg,hv_kaggle,supervised,D5,DAY,1,train,hv_kaggle
train/1/D5_307_831cbd58ba0e46cc94c20b1844f18dfd.jpg,hv_kaggle,supervised,D5,DAY,1,train,hv_kaggle
train/1/D5_317_6860b9d1c2814069b5e647238c7755ca.jpg,hv_kaggle,supervised,D5,DAY,1,train,hv_kaggle
train/1/D5_325_2aced7e2ad57418b96fc15f277561df0.jpg,hv_kaggle,supervised,D5,DAY,1,val,hv_kaggle
train/1/D5_327_8225a13dad4d4b97bfb74514ef1b9bc3.jpg,hv_kaggle,supervised,D5,DAY,1,train,hv_kaggle
train/1/D5_328_755f90e016bc402e8578f58d5029a4c9.jpg,hv_kaggle,supervised,D5,DAY,1,train,hv_kaggle
train/1/D5_331_a206e902d22648d5b59647d28e67cda0.jpg,hv_kaggle,supervised,D5,DAY,1,train,hv_kaggle
train/1/D5_335_feaa721d941f47f0aeed11f73fb822ba.jpg,hv_kaggle,supervised,D5,DAY,1,train,hv_kaggle
train/1/D5_337_cbc4876a240e4eb08695c19cbb96fb23.jpg,hv_kaggle,supervised,D5,DAY,1,val,hv_kaggle
train/1/D5_340_94b19bed399a4046872cc4ba386763d1.jpg,hv_kaggle,supervised,D5,DAY,1,train,hv_kaggle
train/1/D5_341_528bb44ed58b43f3824cf02f620769af.jpg,hv_kaggle,supervised,D5,DAY,1,val,hv_kaggle
train/1/D5_344_b78fcf1e752b471e823df78283455d90.jpg,hv_kaggle,supervised,D5,DAY,1,train,hv_kaggle
train/1/D5_345_a900b0e63e944144b79fccb27924464e.jpg,hv_kaggle,supervised,D5,DAY,1,train,hv_kaggle
train/1/D5_346_fec0315dc4884703844549cd45484c01.jpg,hv_kaggle,supervised,D5,DAY,1,train,hv_kaggle
train/1/D5_348_8c32efd3324e48aa85aec2fb51a7dc24.jpg,hv_kaggle,supervised,D5,DAY,1,train,hv_kaggle
train/1/D5_349_d0a9fec877e24b348e904c87c5149c3b.jpg,hv_kaggle,supervised,D5,DAY,1,train,hv_kaggle
train/1/D5_351_bcdbca7cc94b42aeb6574eaf6cb9621f.jpg,hv_kaggle,supervised,D5,DAY,1,train,hv_kaggle
train/1/D5_361_8b08ccc4d74545fdbee0de55ee4a043b.jpg,hv_kaggle,supervised,D5,DAY,1,train,hv_kaggle
train/1/D5_366_dcd0b2e8a54e40319969bbef765418e5.jpg,hv_kaggle,supervised,D5,DAY,1,train,hv_kaggle
train/1/D5_367_c52c5bd54cb94ecfa6478513991642f3.jpg,hv_kaggle,supervised,D5,DAY,1,val,hv_kaggle
train/1/D5_368_5780145086ac4ff39927660dc92621fb.jpg,hv_kaggle,supervised,D5,DAY,1,val,hv_kaggle
train/1/D5_369_4500ca81e610476a9972ad52a42ed07d.jpg,hv_kaggle,supervised,D5,DAY,1,train,hv_kaggle
train/1/D5_371_2b78da6268ef45c085e48b48f951eb54.jpg,hv_kaggle,supervised,D5,DAY,1,train,hv_kaggle
train/1/D5_379_3e1351a14d624748bd2fe88964065625.jpg,hv_kaggle,supervised,D5,DAY,1,train,hv_kaggle
train/1/D5_390_f63d6057268e4f2b827511a802bc5ee9.jpg,hv_kaggle,supervised,D5,DAY,1,train,hv_kaggle
